Source Data for Figure 6 
red:
Index	Real(z_j)	Imag(z_j)
1	-1.499888580087	0.009020217869
2	-1.499888580087	-0.009020217869
3	-1.499648241558	-0.018280861658
4	-1.499648241558	0.018280861658
5	-1.499378711617	0.027701981645
6	-1.499378711617	-0.027701981645
7	-1.499132370955	0.037257057495
8	-1.499132370955	-0.037257057495
9	-1.498923953972	-0.046920932256
10	-1.498923953972	0.046920932256
11	-1.498752750930	0.056680314728
12	-1.498752750930	-0.056680314728
13	-1.498613611415	-0.066531042876
14	-1.498613611415	0.066531042876
15	-1.498500838521	-0.076474577923
16	-1.498500838521	0.076474577923
17	-1.498409338847	0.086515786544
18	-1.498409338847	-0.086515786544
19	-1.498334854322	-0.096661724889
20	-1.498334854322	0.096661724889
21	-1.498273911528	0.106921002082
22	-1.498273911528	-0.106921002082
23	-1.498223699503	-0.117303458901
24	-1.498223699503	0.117303458901
25	-1.498181943854	0.127820018967
26	-1.498181943854	-0.127820018967
27	-1.498146796916	-0.138482638393
28	-1.498146796916	0.138482638393
29	-1.498116747484	0.149304315939
30	-1.498116747484	-0.149304315939
31	-1.498090548485	-0.160299144476
32	-1.498090548485	0.160299144476
33	-1.498067159558	0.171482394523
34	-1.498067159558	-0.171482394523
35	-1.498045701536	-0.182870626074
36	-1.498045701536	0.182870626074
37	-1.498025420157	0.194481828203
38	-1.498025420157	-0.194481828203
39	-1.498005656864	-0.206335588155
40	-1.498005656864	0.206335588155
41	-1.497985824922	0.218453293342
42	-1.497985824922	-0.218453293342
43	-1.497965389480	-0.230858371335
44	-1.497965389480	0.230858371335
45	-1.497943850451	0.243576574711
46	-1.497943850451	-0.243576574711
47	-1.497920727297	-0.256636319697
48	-1.497920727297	0.256636319697
49	-1.497895544913	0.270069090192
50	-1.497895544913	-0.270069090192
51	-1.497867819912	-0.283909922030
52	-1.497867819912	0.283909922030
53	-1.497837046598	0.298197986793
54	-1.497837046598	-0.298197986793
55	-1.497802681901	-0.312977300232
56	-1.497802681901	0.312977300232
57	-1.497764128418	0.328297588287
58	-1.497764128418	-0.328297588287
59	-1.497720714553	-0.344215354400
60	-1.497720714553	0.344215354400
61	-1.497671670418	0.360795206792
62	-1.497671670418	-0.360795206792
63	-1.497616097731	0.378111525391
64	-1.497616097731	-0.378111525391
65	-1.497552931263	-0.396250578198
66	-1.497552931263	0.396250578198
67	-1.497480888329	0.415313240710
68	-1.497480888329	-0.415313240710
69	-1.497398401245	-0.435418536949
70	-1.497398401245	0.435418536949
71	-1.497303525136	0.456708319086
72	-1.497303525136	-0.456708319086
73	-1.497193809471	-0.479353555068
74	-1.497193809471	0.479353555068
75	-1.497066115086	0.503562936076
76	-1.497066115086	-0.503562936076
77	-1.496916347263	-0.529594912503
78	-1.496916347263	0.529594912503
79	-1.496739055881	0.557774938561
80	-1.496739055881	-0.557774938561
81	-1.496526818194	-0.588520885733
82	-1.496526818194	0.588520885733
83	-1.496269252719	0.622381752656
84	-1.496269252719	-0.622381752656
85	-1.495951379494	-0.660098990925
86	-1.495951379494	0.660098990925
87	-1.495550762368	0.702708390907
88	-1.495550762368	-0.702708390907
89	-1.495032243205	-0.751719601924
90	-1.495032243205	0.751719601924
91	-1.494337572984	0.809456969344
92	-1.494337572984	-0.809456969344
93	-1.493363347373	-0.879773528096
94	-1.493363347373	0.879773528096
95	-1.491910148132	0.969764847568
96	-1.491910148132	-0.969764847568
97	-1.489565344196	-1.094809115183
98	-1.489565344196	1.094809115183
99	-1.485782200301	-1.299432540136
100	-1.485782200301	1.299432540136
101	-0.500000000000	1.819910401868
102	-0.500000000000	-1.819910401868
103	0.485782200301	-1.299432540136
104	0.485782200301	1.299432540136
105	0.489565344196	1.094809115183
106	0.489565344196	-1.094809115183
107	0.491910148132	0.969764847568
108	0.491910148132	-0.969764847568
109	0.493363347373	-0.879773528096
110	0.493363347373	0.879773528096
111	0.494337572984	0.809456969344
112	0.494337572984	-0.809456969344
113	0.495032243205	-0.751719601924
114	0.495032243205	0.751719601924
115	0.495550762368	0.702708390907
116	0.495550762368	-0.702708390907
117	0.495951379494	-0.660098990925
118	0.495951379494	0.660098990925
119	0.496269252719	-0.622381752656
120	0.496269252719	0.622381752656
121	0.496526818194	-0.588520885733
122	0.496526818194	0.588520885733
123	0.496739055881	-0.557774938561
124	0.496739055881	0.557774938561
125	0.496916347263	-0.529594912503
126	0.496916347263	0.529594912503
127	0.497066115086	0.503562936076
128	0.497066115086	-0.503562936076
129	0.497193809471	-0.479353555068
130	0.497193809471	0.479353555068
131	0.497303525136	-0.456708319086
132	0.497303525136	0.456708319086
133	0.497398401245	-0.435418536949
134	0.497398401245	0.435418536949
135	0.497480888329	-0.415313240710
136	0.497480888329	0.415313240710
137	0.497552931263	-0.396250578198
138	0.497552931263	0.396250578198
139	0.497616097731	0.378111525391
140	0.497616097731	-0.378111525391
141	0.497671670418	0.360795206792
142	0.497671670418	-0.360795206792
143	0.497720714553	0.344215354400
144	0.497720714553	-0.344215354400
145	0.497764128418	0.328297588287
146	0.497764128418	-0.328297588287
147	0.497802681901	-0.312977300232
148	0.497802681901	0.312977300232
149	0.497837046598	-0.298197986793
150	0.497837046598	0.298197986793
151	0.497867819912	0.283909922030
152	0.497867819912	-0.283909922030
153	0.497895544913	0.270069090192
154	0.497895544913	-0.270069090192
155	0.497920727297	-0.256636319697
156	0.497920727297	0.256636319697
157	0.497943850451	-0.243576574711
158	0.497943850451	0.243576574711
159	0.497965389480	-0.230858371335
160	0.497965389480	0.230858371335
161	0.497985824922	0.218453293342
162	0.497985824922	-0.218453293342
163	0.498005656864	0.206335588155
164	0.498005656864	-0.206335588155
165	0.498025420157	-0.194481828203
166	0.498025420157	0.194481828203
167	0.498045701536	-0.182870626074
168	0.498045701536	0.182870626074
169	0.498067159558	0.171482394523
170	0.498067159558	-0.171482394523
171	0.498090548485	0.160299144476
172	0.498090548485	-0.160299144476
173	0.498116747484	-0.149304315939
174	0.498116747484	0.149304315939
175	0.498146796916	0.138482638393
176	0.498146796916	-0.138482638393
177	0.498181943854	0.127820018967
178	0.498181943854	-0.127820018967
179	0.498223699503	-0.117303458901
180	0.498223699503	0.117303458901
181	0.498273911528	-0.106921002082
182	0.498273911528	0.106921002082
183	0.498334854322	0.096661724889
184	0.498334854322	-0.096661724889
185	0.498409338847	0.086515786544
186	0.498409338847	-0.086515786544
187	0.498500838521	-0.076474577923
188	0.498500838521	0.076474577923
189	0.498613611415	0.066531042876
190	0.498613611415	-0.066531042876
191	0.498752750930	0.056680314728
192	0.498752750930	-0.056680314728
193	0.498923953972	-0.046920932256
194	0.498923953972	0.046920932256
195	0.499132370955	-0.037257057495
196	0.499132370955	0.037257057495
197	0.499378711617	0.027701981645
198	0.499378711617	-0.027701981645
199	0.499648241558	-0.018280861658
200	0.499648241558	0.018280861658
201	0.499888580087	-0.009020217869
202	0.499888580087	0.009020217869

blue:
Index	Real(z_j)	Imag(z_j)
1	-1.499928890708	-0.009141243349
2	-1.499889662859	0.009149450863
3	-1.499761360019	-0.018390192841
4	-1.499615698385	0.018428609394
5	-1.499542329719	-0.027796298488
6	-1.499311009251	0.027853013410
7	-1.499287751320	-0.037354199800
8	-1.499069750257	0.037378433035
9	-1.499009522812	-0.047035782769
10	-1.498925960863	0.046990514256
11	-1.498845449716	0.056710923464
12	-1.498761372389	0.066559206526
13	-1.498745615503	-0.056803231295
14	-1.498636175722	0.076531476590
15	-1.498549982213	-0.066634591568
16	-1.498484387964	0.086606000253
17	-1.498449372902	-0.076544721181
18	-1.498414538203	-0.086565293876
19	-1.498390225451	-0.096711919289
20	-1.498348387864	0.096764679044
21	-1.498344060426	-0.106983063609
22	-1.498279229112	-0.117375778841
23	-1.498259572845	0.107013356774
24	-1.498216006622	0.117377919085
25	-1.498215059965	-0.127895250185
26	-1.498193394080	0.127883363817
27	-1.498171011582	0.138543874852
28	-1.498165045024	-0.138555321136
29	-1.498142977481	0.149367904432
30	-1.498129922369	-0.149373417783
31	-1.498112673774	0.160365249926
32	-1.498103630052	-0.160366120997
33	-1.498084232159	0.171549650941
34	-1.498080662535	-0.171548762067
35	-1.498058999329	0.182938006559
36	-1.498058524101	-0.182937095159
37	-1.498036659149	-0.194548535490
38	-1.498036206120	0.194549016327
39	-1.498014979510	-0.206402491248
40	-1.498014553204	0.206402656084
41	-1.497993230821	-0.218520367588
42	-1.497993011280	0.218520397310
43	-1.497970971904	-0.230925637880
44	-1.497970889740	0.230925631993
45	-1.497947696366	-0.243644078105
46	-1.497947672921	0.243644070113
47	-1.497922900497	-0.256704109610
48	-1.497922895670	0.256704105299
49	-1.497896092570	-0.270137214875
50	-1.497896092107	0.270137213126
51	-1.497866781016	0.283978425858
52	-1.497866780863	-0.283978426465
53	-1.497834454655	0.298266913177
54	-1.497834454548	-0.298266913369
55	-1.497798567185	0.313046689271
56	-1.497798567147	-0.313046689329
57	-1.497758517936	0.328367480490
58	-1.497758517927	-0.328367480507
59	-1.497713629935	0.344285790696
60	-1.497713629935	-0.344285790700
61	-1.497663128703	-0.360866227852
62	-1.497663128703	0.360866227851
63	-1.497606112242	-0.378183172344
64	-1.497606112242	0.378183172344
65	-1.497541510924	-0.396322894406
66	-1.497541510924	0.396322894406
67	-1.497468035875	-0.415386271573
68	-1.497468035875	0.415386271573
69	-1.497384113554	-0.435492331340
70	-1.497384113554	0.435492331340
71	-1.497287791997	0.456782929274
72	-1.497287791997	-0.456782929274
73	-1.497176612792	0.479429040528
74	-1.497176612792	-0.479429040528
75	-1.497047425559	-0.503639363795
76	-1.497047425559	0.503639363795
77	-1.496896123248	-0.529672360207
78	-1.496896123248	0.529672360207
79	-1.496717239847	0.557853499627
80	-1.496717239847	-0.557853499627
81	-1.496503332765	-0.588600673996
82	-1.496503332765	0.588600673996
83	-1.496243994791	0.622462914286
84	-1.496243994791	-0.622462914286
85	-1.495924209031	0.660181719191
86	-1.495924209031	-0.660181719191
87	-1.495521487866	-0.702792944035
88	-1.495521487866	0.702792944035
89	-1.495000601194	-0.751806342450
90	-1.495000601194	0.751806342450
91	-1.494303196378	0.809546440584
92	-1.494303196249	-0.809546440532
93	-1.493325738422	-0.879866627829
94	-1.493325733383	0.879866626926
95	-1.491868644426	0.969863213161
96	-1.491868596112	-0.969863211714
97	-1.489519257564	-1.094916342526
98	-1.489519089053	1.094916362900
99	-1.485733923998	1.299558252038
100	-1.485733707159	-1.299558329234
101	-0.500000127152	-1.819614928239
102	-0.499999872848	1.819614928239
103	0.485733707159	1.299558329234
104	0.485733923998	-1.299558252038
105	0.489519089053	-1.094916362900
106	0.489519257564	1.094916342526
107	0.491868596112	0.969863211714
108	0.491868644426	-0.969863213161
109	0.493325733383	-0.879866626926
110	0.493325738422	0.879866627829
111	0.494303196249	0.809546440532
112	0.494303196378	-0.809546440584
113	0.495000601194	-0.751806342450
114	0.495000601194	0.751806342450
115	0.495521487866	-0.702792944035
116	0.495521487866	0.702792944035
117	0.495924209031	0.660181719191
118	0.495924209031	-0.660181719191
119	0.496243994791	0.622462914286
120	0.496243994791	-0.622462914286
121	0.496503332765	-0.588600673996
122	0.496503332765	0.588600673996
123	0.496717239847	0.557853499627
124	0.496717239847	-0.557853499627
125	0.496896123248	-0.529672360207
126	0.496896123248	0.529672360207
127	0.497047425559	-0.503639363795
128	0.497047425559	0.503639363795
129	0.497176612792	0.479429040528
130	0.497176612792	-0.479429040528
131	0.497287791997	0.456782929274
132	0.497287791997	-0.456782929274
133	0.497384113554	-0.435492331340
134	0.497384113554	0.435492331340
135	0.497468035875	-0.415386271573
136	0.497468035875	0.415386271573
137	0.497541510924	-0.396322894406
138	0.497541510924	0.396322894406
139	0.497606112242	-0.378183172344
140	0.497606112242	0.378183172344
141	0.497663128703	-0.360866227851
142	0.497663128703	0.360866227852
143	0.497713629935	0.344285790700
144	0.497713629935	-0.344285790696
145	0.497758517927	0.328367480507
146	0.497758517936	-0.328367480490
147	0.497798567147	0.313046689329
148	0.497798567185	-0.313046689271
149	0.497834454548	0.298266913369
150	0.497834454655	-0.298266913177
151	0.497866780863	0.283978426465
152	0.497866781016	-0.283978425858
153	0.497896092107	-0.270137213126
154	0.497896092570	0.270137214875
155	0.497922895670	-0.256704105299
156	0.497922900497	0.256704109610
157	0.497947672921	-0.243644070113
158	0.497947696366	0.243644078105
159	0.497970889740	-0.230925631993
160	0.497970971904	0.230925637880
161	0.497993011280	-0.218520397310
162	0.497993230821	0.218520367588
163	0.498014553204	-0.206402656084
164	0.498014979510	0.206402491248
165	0.498036206120	-0.194549016327
166	0.498036659149	0.194548535490
167	0.498058524101	0.182937095159
168	0.498058999329	-0.182938006559
169	0.498080662535	0.171548762067
170	0.498084232159	-0.171549650941
171	0.498103630052	0.160366120997
172	0.498112673774	-0.160365249926
173	0.498129922369	0.149373417783
174	0.498142977481	-0.149367904432
175	0.498165045024	0.138555321136
176	0.498171011582	-0.138543874852
177	0.498193394080	-0.127883363817
178	0.498215059965	0.127895250185
179	0.498216006622	-0.117377919085
180	0.498259572845	-0.107013356774
181	0.498279229112	0.117375778841
182	0.498344060426	0.106983063609
183	0.498348387864	-0.096764679044
184	0.498390225451	0.096711919289
185	0.498414538203	0.086565293876
186	0.498449372902	0.076544721181
187	0.498484387964	-0.086606000253
188	0.498549982213	0.066634591568
189	0.498636175722	-0.076531476590
190	0.498745615503	0.056803231295
191	0.498761372389	-0.066559206526
192	0.498845449716	-0.056710923464
193	0.498925960863	-0.046990514256
194	0.499009522812	0.047035782769
195	0.499069750257	-0.037378433035
196	0.499287751320	0.037354199800
197	0.499311009251	-0.027853013410
198	0.499542329719	0.027796298488
199	0.499615698385	-0.018428609394
200	0.499761360019	0.018390192841
201	0.499889662859	-0.009149450863
202	0.499928890708	0.009141243349



Source Data for Figure 7 and Table C.1
Index	Real(z_j)	Imag(z_j)	delta	arg_1	arg_2	arg_3	arg_4	arg_5	Delta
1	-1.537797484405	0.000000000000	1e-12	-1.57	-0.00	1.57	3.14	4.71	1.0
2	-1.499950624342	0.010265201348	1e-12	-0.32	1.25	2.82	4.39	5.96	1.0
3	-1.499950624342	-0.010265201348	1e-12	-2.82	-1.25	0.32	1.89	3.46	1.0
4	-1.499826137427	0.020485525878	1e-12	2.47	4.04	5.61	7.18	8.75	1.0
5	-1.499826137427	-0.020485525878	1e-12	0.67	2.24	3.81	5.38	6.95	1.0
6	-1.499668437249	0.030659439714	1e-12	-1.05	0.52	2.09	3.66	5.23	1.0
7	-1.499668437249	-0.030659439714	1e-12	-2.09	-0.52	1.05	2.62	4.19	1.0
8	-1.499508982879	0.040805650649	1e-12	1.69	3.26	4.83	6.40	7.97	1.0
9	-1.499508982879	-0.040805650649	1e-12	1.45	3.03	4.60	6.17	7.74	1.0
10	-1.499362827910	0.050950483670	1e-12	-1.88	-0.31	1.26	2.83	4.40	1.0
11	-1.499362827910	-0.050950483670	1e-12	-1.26	0.31	1.88	3.45	5.03	1.0
12	-1.499234729326	0.061118328765	1e-12	2.33	3.90	5.47	7.04	8.61	1.0
13	-1.499234729326	-0.061118328765	1e-12	0.81	2.38	3.95	5.52	7.09	1.0
14	-1.499124661078	0.071329849178	1e-12	-0.35	1.22	2.79	4.36	5.93	1.0
15	-1.499124661078	-0.071329849178	1e-12	-2.79	-1.22	0.35	1.92	3.49	1.0
16	-1.499030724545	0.081602732169	1e-12	-3.02	-1.45	0.13	1.70	3.27	1.0
17	-1.499030724545	-0.081602732169	1e-12	-0.13	1.45	3.02	4.59	6.16	1.0
18	-1.498950502407	0.091952693540	1e-12	0.61	2.18	3.75	5.32	6.89	1.0
19	-1.498950502407	-0.091952693540	1e-12	2.53	4.10	5.67	7.24	8.81	1.0
20	-1.498881624162	0.102394318961	1e-12	-2.03	-0.46	1.11	2.68	4.25	1.0
21	-1.498881624162	-0.102394318961	1e-12	-1.11	0.46	2.03	3.61	5.18	1.0
22	-1.498821967495	0.112941674848	1e-12	1.53	3.10	4.67	6.24	7.81	1.0
23	-1.498821967495	-0.112941674848	1e-12	1.61	3.18	4.75	6.32	7.90	1.0
24	-1.498769723486	0.123608744783	1e-12	-2.13	-0.56	1.01	2.59	4.16	1.0
25	-1.498769723486	-0.123608744783	1e-12	-1.01	0.56	2.13	3.70	5.27	1.0
26	-1.498723364861	0.134409764676	1e-12	0.49	2.06	3.63	5.20	6.77	1.0
27	-1.498723364861	-0.134409764676	1e-12	2.65	4.22	5.79	7.36	8.94	1.0
28	-1.498681620170	-0.145359467945	1e-12	0.04	1.62	3.19	4.76	6.33	1.0
29	-1.498681620170	0.145359467945	1e-12	3.10	4.67	6.24	7.81	9.38	1.0
30	-1.498643427402	-0.156473301820	1e-12	-2.55	-0.98	0.59	2.16	3.73	1.0
31	-1.498643427402	0.156473301820	1e-12	-0.59	0.98	2.55	4.12	5.69	1.0
32	-1.498607890702	-0.167767617858	1e-12	1.14	2.71	4.28	5.86	7.43	1.0
33	-1.498607890702	0.167767617858	1e-12	2.00	3.57	5.14	6.71	8.28	1.0
34	-1.498574252042	-0.179259858798	1e-12	-1.71	-0.14	1.43	3.00	4.58	1.0
35	-1.498574252042	0.179259858798	1e-12	-1.43	0.14	1.71	3.28	4.85	1.0
36	-1.498541855015	-0.190968750517	1e-12	2.28	3.86	5.43	7.00	8.57	1.0
37	-1.498541855015	0.190968750517	1e-12	0.86	2.43	4.00	5.57	7.14	1.0
38	-1.498510123234	-0.202914506180	1e-12	-2.87	-1.30	0.27	1.84	3.41	1.0
39	-1.498510123234	0.202914506180	1e-12	-0.27	1.30	2.87	4.44	6.01	1.0
40	-1.498478538264	-0.215119055622	1e-12	-2.81	-1.24	0.33	1.90	3.48	1.0
41	-1.498478538264	0.215119055622	1e-12	-0.33	1.24	2.81	4.38	5.95	1.0
42	-1.498446620333	-0.227606305494	1e-12	2.19	3.76	5.33	6.90	8.48	1.0
43	-1.498446620333	0.227606305494	1e-12	0.95	2.52	4.09	5.66	7.23	1.0
44	-1.498413915387	-0.240402437913	1e-12	-1.56	0.01	1.58	3.15	4.72	1.0
45	-1.498413915387	0.240402437913	1e-12	-1.58	-0.01	1.56	3.13	4.70	1.0
46	-1.498379979920	0.253536262645	1e-12	2.23	3.80	5.37	6.94	8.51	1.0
47	-1.498379979920	-0.253536262645	1e-12	0.92	2.49	4.06	5.63	7.20	1.0
48	-1.498344367511	0.267039629271	1e-12	-0.25	1.32	2.89	4.46	6.03	1.0
49	-1.498344367511	-0.267039629271	1e-12	-2.89	-1.32	0.25	1.82	3.39	1.0
50	-1.498306617468	0.280947921906	1e-12	-2.71	-1.14	0.43	2.00	3.57	1.0
51	-1.498306617468	-0.280947921906	1e-12	-0.43	1.14	2.71	4.28	5.85	1.0
52	-1.498266239594	0.295300650461	1e-12	2.01	3.58	5.15	6.72	8.29	1.0
53	-1.498266239594	-0.295300650461	1e-12	1.14	2.71	4.28	5.85	7.42	1.0
54	-1.498222698566	-0.310142165508	1e-12	-1.86	-0.29	1.28	2.85	4.42	1.0
55	-1.498222698566	0.310142165508	1e-12	-1.28	0.29	1.86	3.43	5.00	1.0
56	-1.498175399285	-0.325522534071	1e-12	2.61	4.19	5.76	7.33	8.90	1.0
57	-1.498175399285	0.325522534071	1e-12	0.53	2.10	3.67	5.24	6.81	1.0
58	-1.498123665480	-0.341498614506	1e-12	0.25	1.82	3.39	4.96	6.53	1.0
59	-1.498123665480	0.341498614506	1e-12	2.89	4.46	6.03	7.60	9.17	1.0
60	-1.498066714188	0.358135397291	1e-12	-1.06	0.51	2.08	3.65	5.22	1.0
61	-1.498066714188	-0.358135397291	1e-12	-2.08	-0.51	1.06	2.63	4.20	1.0
62	-1.498003623959	-0.375507684154	1e-12	1.24	2.81	4.38	5.95	7.52	1.0
63	-1.498003623959	0.375507684154	1e-12	1.90	3.47	5.05	6.62	8.19	1.0
64	-1.497933293140	-0.393702223808	1e-12	-0.36	1.21	2.78	4.35	5.93	1.0
65	-1.497933293140	0.393702223808	1e-12	-2.78	-1.21	0.36	1.93	3.50	1.0
66	-1.497854383995	-0.412820455349	1e-12	-0.56	1.01	2.58	4.15	5.72	1.0
67	-1.497854383926	0.412820455322	1e-12	-2.58	-1.01	0.56	2.14	3.71	1.0
68	-1.497765248390	0.432982083595	1e-12	1.61	3.18	4.75	6.32	7.89	1.0
69	-1.497765245778	-0.432982082050	1e-12	1.53	3.10	4.68	6.25	7.82	1.0
70	-1.497663849835	-0.454329835627	1e-12	-2.56	-0.99	0.59	2.16	3.73	1.0
71	-1.497663817867	0.454329812915	1e-12	-0.59	0.99	2.56	4.13	5.70	1.0
72	-1.497547476813	0.477035682510	1e-12	-0.50	1.07	2.64	4.21	5.79	1.0
73	-1.497547289313	-0.477035535699	1e-12	-2.64	-1.07	0.50	2.07	3.64	1.0
74	-1.497413408143	-0.501310359159	1e-12	1.65	3.22	4.79	6.36	7.93	1.0
75	-1.497412793089	0.501309849137	1e-12	1.49	3.06	4.63	6.20	7.77	1.0
76	-1.497255294626	0.527412667506	1e-12	-2.88	-1.31	0.26	1.83	3.40	1.0
77	-1.497254083110	-0.527411625020	1e-12	-0.26	1.31	2.88	4.46	6.03	1.0
78	-1.497070337484	-0.555673660500	1e-12	-2.07	-0.50	1.07	2.64	4.21	1.0
79	-1.497068864609	0.555672362108	1e-12	-1.07	0.50	2.07	3.64	5.21	1.0
80	-1.496845058431	0.586510751527	1e-12	2.51	4.09	5.66	7.23	8.80	1.0
81	-1.496843960123	-0.586509770845	1e-12	0.63	2.20	3.77	5.34	6.91	1.0
82	-1.496572258922	-0.620483259367	1e-12	2.19	3.76	5.33	6.90	8.47	1.0
83	-1.496571777498	0.620482830425	1e-12	0.95	2.52	4.09	5.66	7.23	1.0
84	-1.496231071195	0.658339515148	1e-12	-0.44	1.13	2.70	4.27	5.84	1.0
85	-1.496230958626	-0.658339417530	1e-12	-2.70	-1.13	0.44	2.02	3.59	1.0
86	-1.495795097477	-0.701132402982	1e-12	-1.63	-0.06	1.51	3.08	4.65	1.0
87	-1.495795086062	0.701132393799	1e-12	-1.51	0.06	1.63	3.20	4.77	1.0
88	-1.495218118382	0.750399337671	1e-12	-0.60	0.97	2.54	4.11	5.68	1.0
89	-1.495218118079	-0.750399337475	1e-12	-2.54	-0.97	0.60	2.17	3.74	1.0
90	-1.494419555125	-0.808519758323	1e-12	-3.08	-1.51	0.06	1.63	3.21	1.0
91	-1.494419554811	0.808519758535	1e-12	-0.06	1.51	3.08	4.65	6.22	1.0
92	-1.493242561897	0.879467798895	1e-12	-3.09	-1.52	0.06	1.63	3.20	1.0
93	-1.493242557769	-0.879467802695	1e-12	-0.06	1.52	3.09	4.66	6.23	1.0
94	-1.491336013025	-0.970656104707	1e-12	-2.27	-0.70	0.87	2.44	4.01	1.0
95	-1.491335998112	0.970656121093	1e-12	-0.87	0.70	2.27	3.84	5.41	1.0
96	-1.487719917574	1.098563225209	1e-12	0.01	1.59	3.16	4.73	6.30	1.0
97	-1.487719897134	-1.098563251194	1e-12	3.13	4.70	6.27	7.84	9.41	1.0
98	-1.478277809193	-1.314410092648	1e-12	-2.59	-1.02	0.55	2.12	3.69	1.0
99	-1.478277799023	1.314410108052	1e-12	-0.55	1.02	2.59	4.16	5.73	1.0
100	-1.192055320267	0.000000000000	1e-12	1.57	3.14	4.71	6.28	7.85	1.0
101	-0.500000001273	2.182890275359	1e-12	-3.14	-1.57	-0.00	1.57	3.15	1.0
102	-0.499999998727	-2.182890275359	1e-12	-0.00	1.57	3.14	4.71	6.28	1.0
103	0.192055320267	-0.000000000000	1e-12	-1.57	-0.00	1.57	3.14	4.71	1.0
104	0.478277799023	-1.314410108052	1e-12	2.59	4.16	5.73	7.30	8.87	1.0
105	0.478277809193	1.314410092648	1e-12	0.55	2.12	3.69	5.26	6.83	1.0
106	0.487719897134	1.098563251194	1e-12	-0.01	1.56	3.13	4.70	6.27	1.0
107	0.487719917574	-1.098563225209	1e-12	-3.13	-1.56	0.01	1.59	3.16	1.0
108	0.491335998112	-0.970656121093	1e-12	2.27	3.84	5.41	6.98	8.55	1.0
109	0.491336013025	0.970656104707	1e-12	0.87	2.44	4.01	5.58	7.15	1.0
110	0.493242557769	0.879467802695	1e-12	3.09	4.66	6.23	7.80	9.37	1.0
111	0.493242561897	-0.879467798895	1e-12	0.06	1.63	3.20	4.77	6.34	1.0
112	0.494419554811	-0.808519758535	1e-12	3.08	4.65	6.22	7.79	9.36	1.0
113	0.494419555125	0.808519758323	1e-12	0.06	1.63	3.21	4.78	6.35	1.0
114	0.495218118079	0.750399337475	1e-12	0.60	2.17	3.74	5.31	6.89	1.0
115	0.495218118382	-0.750399337671	1e-12	2.54	4.11	5.68	7.25	8.82	1.0
116	0.495795086062	-0.701132393799	1e-12	1.63	3.20	4.77	6.34	7.91	1.0
117	0.495795097477	0.701132402982	1e-12	1.51	3.08	4.65	6.23	7.80	1.0
118	0.496230958626	0.658339417530	1e-12	0.44	2.02	3.59	5.16	6.73	1.0
119	0.496231071195	-0.658339515148	1e-12	2.70	4.27	5.84	7.41	8.98	1.0
120	0.496571777498	-0.620482830425	1e-12	-2.19	-0.62	0.95	2.52	4.09	1.0
121	0.496572258922	0.620483259367	1e-12	-0.95	0.62	2.19	3.76	5.33	1.0
122	0.496843960123	0.586509770845	1e-12	-2.51	-0.94	0.63	2.20	3.77	1.0
123	0.496845058431	-0.586510751527	1e-12	-0.63	0.94	2.51	4.09	5.66	1.0
124	0.497068864609	-0.555672362108	1e-12	2.07	3.64	5.21	6.78	8.35	1.0
125	0.497070337484	0.555673660500	1e-12	1.07	2.64	4.21	5.78	7.36	1.0
126	0.497254083110	0.527411625020	1e-12	2.88	4.46	6.03	7.60	9.17	1.0
127	0.497255294626	-0.527412667506	1e-12	0.26	1.83	3.40	4.97	6.54	1.0
128	0.497412793089	-0.501309849137	1e-12	-1.65	-0.08	1.49	3.06	4.63	1.0
129	0.497413408143	0.501310359159	1e-12	-1.49	0.08	1.65	3.22	4.79	1.0
130	0.497547289313	0.477035535699	1e-12	0.50	2.07	3.64	5.21	6.78	1.0
131	0.497547476813	-0.477035682510	1e-12	2.64	4.21	5.79	7.36	8.93	1.0
132	0.497663817867	-0.454329812915	1e-12	2.56	4.13	5.70	7.27	8.84	1.0
133	0.497663849835	0.454329835627	1e-12	0.59	2.16	3.73	5.30	6.87	1.0
134	0.497765245778	0.432982082050	1e-12	-1.61	-0.04	1.53	3.10	4.68	1.0
135	0.497765248390	-0.432982083595	1e-12	-1.53	0.04	1.61	3.18	4.75	1.0
136	0.497854383926	-0.412820455322	1e-12	0.56	2.14	3.71	5.28	6.85	1.0
137	0.497854383995	0.412820455349	1e-12	2.58	4.15	5.72	7.29	8.86	1.0
138	0.497933293140	-0.393702223808	1e-12	0.36	1.93	3.50	5.07	6.64	1.0
139	0.497933293140	0.393702223808	1e-12	2.78	4.35	5.93	7.50	9.07	1.0
140	0.498003623959	-0.375507684154	1e-12	-1.24	0.33	1.90	3.47	5.05	1.0
141	0.498003623959	0.375507684154	1e-12	-1.90	-0.33	1.24	2.81	4.38	1.0
142	0.498066714188	0.358135397291	1e-12	1.06	2.63	4.20	5.77	7.34	1.0
143	0.498066714188	-0.358135397291	1e-12	2.08	3.65	5.22	6.79	8.36	1.0
144	0.498123665480	-0.341498614506	1e-12	-0.25	1.32	2.89	4.46	6.03	1.0
145	0.498123665480	0.341498614506	1e-12	-2.89	-1.32	0.25	1.82	3.39	1.0
146	0.498175399285	-0.325522534071	1e-12	-2.61	-1.04	0.53	2.10	3.67	1.0
147	0.498175399285	0.325522534071	1e-12	-0.53	1.04	2.61	4.19	5.76	1.0
148	0.498222698566	-0.310142165508	1e-12	1.86	3.43	5.00	6.58	8.15	1.0
149	0.498222698566	0.310142165508	1e-12	1.28	2.85	4.42	5.99	7.56	1.0
150	0.498266239594	0.295300650461	1e-12	-2.01	-0.43	1.14	2.71	4.28	1.0
151	0.498266239594	-0.295300650461	1e-12	-1.14	0.43	2.01	3.58	5.15	1.0
152	0.498306617468	0.280947921906	1e-12	2.71	4.28	5.85	7.42	8.99	1.0
153	0.498306617468	-0.280947921906	1e-12	0.43	2.00	3.57	5.14	6.72	1.0
154	0.498344367511	0.267039629271	1e-12	0.25	1.82	3.39	4.96	6.53	1.0
155	0.498344367511	-0.267039629271	1e-12	2.89	4.46	6.03	7.60	9.17	1.0
156	0.498379979920	0.253536262645	1e-12	-2.23	-0.66	0.92	2.49	4.06	1.0
157	0.498379979920	-0.253536262645	1e-12	-0.92	0.66	2.23	3.80	5.37	1.0
158	0.498413915387	-0.240402437913	1e-12	1.56	3.13	4.70	6.27	7.85	1.0
159	0.498413915387	0.240402437913	1e-12	1.58	3.15	4.72	6.29	7.86	1.0
160	0.498446620333	-0.227606305494	1e-12	-2.19	-0.62	0.95	2.52	4.09	1.0
161	0.498446620333	0.227606305494	1e-12	-0.95	0.62	2.19	3.76	5.33	1.0
162	0.498478538264	-0.215119055622	1e-12	2.81	4.38	5.95	7.52	9.09	1.0
163	0.498478538264	0.215119055622	1e-12	0.33	1.90	3.48	5.05	6.62	1.0
164	0.498510123234	-0.202914506180	1e-12	2.87	4.44	6.01	7.59	9.16	1.0
165	0.498510123234	0.202914506180	1e-12	0.27	1.84	3.41	4.98	6.55	1.0
166	0.498541855015	-0.190968750517	1e-12	-2.28	-0.71	0.86	2.43	4.00	1.0
167	0.498541855015	0.190968750517	1e-12	-0.86	0.71	2.28	3.86	5.43	1.0
168	0.498574252042	-0.179259858798	1e-12	1.71	3.28	4.85	6.42	7.99	1.0
169	0.498574252042	0.179259858798	1e-12	1.43	3.00	4.57	6.15	7.72	1.0
170	0.498607890702	-0.167767617858	1e-12	-1.14	0.43	2.00	3.57	5.14	1.0
171	0.498607890702	0.167767617858	1e-12	-2.00	-0.43	1.14	2.71	4.28	1.0
172	0.498643427402	-0.156473301820	1e-12	2.55	4.12	5.69	7.27	8.84	1.0
173	0.498643427402	0.156473301820	1e-12	0.59	2.16	3.73	5.30	6.87	1.0
174	0.498681620170	-0.145359467945	1e-12	-0.04	1.53	3.10	4.67	6.24	1.0
175	0.498681620170	0.145359467945	1e-12	-3.10	-1.53	0.04	1.62	3.19	1.0
176	0.498723364861	0.134409764676	1e-12	-0.49	1.08	2.65	4.22	5.79	1.0
177	0.498723364861	-0.134409764676	1e-12	-2.65	-1.08	0.49	2.06	3.63	1.0
178	0.498769723486	0.123608744783	1e-12	2.13	3.70	5.27	6.84	8.41	1.0
179	0.498769723486	-0.123608744783	1e-12	1.01	2.59	4.16	5.73	7.30	1.0
180	0.498821967495	0.112941674848	1e-12	-1.53	0.04	1.61	3.18	4.75	1.0
181	0.498821967495	-0.112941674848	1e-12	-1.61	-0.04	1.53	3.10	4.67	1.0
182	0.498881624162	0.102394318961	1e-12	2.03	3.61	5.18	6.75	8.32	1.0
183	0.498881624162	-0.102394318961	1e-12	1.11	2.68	4.25	5.82	7.39	1.0
184	0.498950502407	0.091952693540	1e-12	-0.61	0.96	2.53	4.10	5.67	1.0
185	0.498950502407	-0.091952693540	1e-12	-2.53	-0.96	0.61	2.18	3.75	1.0
186	0.499030724545	0.081602732169	1e-12	3.02	4.59	6.16	7.73	9.30	1.0
187	0.499030724545	-0.081602732169	1e-12	0.13	1.70	3.27	4.84	6.41	1.0
188	0.499124661078	0.071329849178	1e-12	0.35	1.92	3.49	5.06	6.63	1.0
189	0.499124661078	-0.071329849178	1e-12	2.79	4.36	5.93	7.51	9.08	1.0
190	0.499234729326	0.061118328765	1e-12	-2.33	-0.76	0.81	2.38	3.95	1.0
191	0.499234729326	-0.061118328765	1e-12	-0.81	0.76	2.33	3.90	5.47	1.0
192	0.499362827910	0.050950483670	1e-12	1.88	3.45	5.03	6.60	8.17	1.0
193	0.499362827910	-0.050950483670	1e-12	1.26	2.83	4.40	5.97	7.54	1.0
194	0.499508982879	0.040805650649	1e-12	-1.69	-0.12	1.45	3.03	4.60	1.0
195	0.499508982879	-0.040805650649	1e-12	-1.45	0.12	1.69	3.26	4.83	1.0
196	0.499668437249	0.030659439714	1e-12	1.05	2.62	4.19	5.76	7.33	1.0
197	0.499668437249	-0.030659439714	1e-12	2.09	3.66	5.24	6.81	8.38	1.0
198	0.499826137427	0.020485525878	1e-12	-2.47	-0.90	0.67	2.24	3.81	1.0
199	0.499826137427	-0.020485525878	1e-12	-0.67	0.90	2.47	4.04	5.61	1.0
200	0.499950624342	0.010265201348	1e-12	0.32	1.89	3.46	5.04	6.61	1.0
201	0.499950624342	-0.010265201348	1e-12	2.82	4.39	5.96	7.53	9.10	1.0
202	0.537797484405	-0.000000000000	1e-12	1.57	3.14	4.71	6.28	7.85	1.0



Source Data for Figure 11
(a):
Index	Real(z_j)	Imag(z_j)
1	-1.499571396834	0.009386518485
2	-1.499571396834	-0.009386518485
3	-1.499125577642	0.019407957118
4	-1.499125577642	-0.019407957118
5	-1.498930347673	-0.029563527454
6	-1.498930347673	0.029563527454
7	-1.498842184770	-0.039724748911
8	-1.498842184770	0.039724748911
9	-1.498796557968	-0.049898733085
10	-1.498796557968	0.049898733085
11	-1.498769965783	0.060104225505
12	-1.498769965783	-0.060104225505
13	-1.498752873462	0.070358074513
14	-1.498752873462	-0.070358074513
15	-1.498740912295	-0.080675161748
16	-1.498740912295	0.080675161748
17	-1.498731861191	0.091069292769
18	-1.498731861191	-0.091069292769
19	-1.498724486439	0.101553841241
20	-1.498724486439	-0.101553841241
21	-1.498718046898	0.112142162980
22	-1.498718046898	-0.112142162980
23	-1.498712063566	-0.122847875590
24	-1.498712063566	0.122847875590
25	-1.498706203747	0.133685065885
26	-1.498706203747	-0.133685065885
27	-1.498700219260	-0.144668461596
28	-1.498700219260	0.144668461596
29	-1.498693911581	-0.155813588273
30	-1.498693911581	0.155813588273
31	-1.498687110988	-0.167136924642
32	-1.498687110988	0.167136924642
33	-1.498679663442	0.178656064916
34	-1.498679663442	-0.178656064916
35	-1.498671421840	-0.190389895294
36	-1.498671421840	0.190389895294
37	-1.498662239659	-0.202358790721
38	-1.498662239659	0.202358790721
39	-1.498651965961	-0.214584838342
40	-1.498651965961	0.214584838342
41	-1.498640441099	-0.227092094538
42	-1.498640441099	0.227092094538
43	-1.498627492552	-0.239906883693
44	-1.498627492552	0.239906883693
45	-1.498612930660	-0.253058148742
46	-1.498612930660	0.253058148742
47	-1.498596543861	-0.266577865572
48	-1.498596543861	0.266577865572
49	-1.498578093157	0.280501536877
50	-1.498578093157	-0.280501536877
51	-1.498557305487	0.294868785211
52	-1.498557305487	-0.294868785211
53	-1.498533865586	0.309724070910
54	-1.498533865586	-0.309724070910
55	-1.498507405753	0.325117568310
56	-1.498507405753	-0.325117568310
57	-1.498477492872	0.341106244679
58	-1.498477492872	-0.341106244679
59	-1.498443611617	0.357755201540
60	-1.498443611617	-0.357755201540
61	-1.498405142498	0.375139359079
62	-1.498405142498	-0.375139359079
63	-1.498361332662	-0.393345595275
64	-1.498361332662	0.393345595275
65	-1.498311256570	-0.412475495884
66	-1.498311256570	0.412475495884
67	-1.498253762121	-0.432648937820
68	-1.498253762121	0.432648937820
69	-1.498187395334	-0.454008828984
70	-1.498187395334	0.454008828984
71	-1.498110293170	0.476727483830
72	-1.498110293170	-0.476727483830
73	-1.498020027404	-0.501015363133
74	-1.498020027404	0.501015363133
75	-1.497913371202	-0.527133315053
76	-1.497913371202	0.527133315053
77	-1.497785939947	0.555410148708
78	-1.497785939947	-0.555410148708
79	-1.497631619053	-0.586268596183
80	-1.497631619053	0.586268596183
81	-1.497441615628	-0.620264978939
82	-1.497441615628	0.620264978939
83	-1.497202809594	-0.658152293697
84	-1.497202809594	0.658152293697
85	-1.496894715782	0.700985553450
86	-1.496894715782	-0.700985553450
87	-1.496483470082	0.750308660874
88	-1.496483470082	-0.750308660874
89	-1.495908776834	0.808512602723
90	-1.495908776834	-0.808512602723
91	-1.495051893016	0.879596509452
92	-1.495051893016	-0.879596509452
93	-1.493642329025	-0.971036946071
94	-1.493642329025	0.971036946071
95	-1.490903200357	-1.099527690084
96	-1.490903200357	1.099527690084
97	-1.483354303902	-1.317537082756
98	-1.483354303902	1.317537082756
99	-1.479999944091	0.000000000000
100	-1.200000000002	0.000000000000
101	-0.500000000000	2.360373332532
102	-0.500000000000	-2.360373332532
103	0.200000000002	-0.000000000000
104	0.479999944091	-0.000000000000
105	0.483354303902	-1.317537082756
106	0.483354303902	1.317537082756
107	0.490903200357	-1.099527690084
108	0.490903200357	1.099527690084
109	0.493642329025	-0.971036946071
110	0.493642329025	0.971036946071
111	0.495051893016	0.879596509452
112	0.495051893016	-0.879596509452
113	0.495908776834	0.808512602723
114	0.495908776834	-0.808512602723
115	0.496483470082	0.750308660874
116	0.496483470082	-0.750308660874
117	0.496894715782	0.700985553450
118	0.496894715782	-0.700985553450
119	0.497202809594	-0.658152293697
120	0.497202809594	0.658152293697
121	0.497441615628	-0.620264978939
122	0.497441615628	0.620264978939
123	0.497631619053	-0.586268596183
124	0.497631619053	0.586268596183
125	0.497785939947	0.555410148708
126	0.497785939947	-0.555410148708
127	0.497913371202	-0.527133315053
128	0.497913371202	0.527133315053
129	0.498020027404	-0.501015363133
130	0.498020027404	0.501015363133
131	0.498110293170	0.476727483830
132	0.498110293170	-0.476727483830
133	0.498187395334	-0.454008828984
134	0.498187395334	0.454008828984
135	0.498253762121	-0.432648937820
136	0.498253762121	0.432648937820
137	0.498311256570	-0.412475495884
138	0.498311256570	0.412475495884
139	0.498361332662	-0.393345595275
140	0.498361332662	0.393345595275
141	0.498405142498	0.375139359079
142	0.498405142498	-0.375139359079
143	0.498443611617	0.357755201540
144	0.498443611617	-0.357755201540
145	0.498477492872	0.341106244679
146	0.498477492872	-0.341106244679
147	0.498507405753	0.325117568310
148	0.498507405753	-0.325117568310
149	0.498533865586	0.309724070910
150	0.498533865586	-0.309724070910
151	0.498557305487	0.294868785211
152	0.498557305487	-0.294868785211
153	0.498578093157	0.280501536877
154	0.498578093157	-0.280501536877
155	0.498596543861	-0.266577865572
156	0.498596543861	0.266577865572
157	0.498612930660	-0.253058148742
158	0.498612930660	0.253058148742
159	0.498627492552	-0.239906883693
160	0.498627492552	0.239906883693
161	0.498640441099	-0.227092094538
162	0.498640441099	0.227092094538
163	0.498651965961	-0.214584838342
164	0.498651965961	0.214584838342
165	0.498662239659	-0.202358790721
166	0.498662239659	0.202358790721
167	0.498671421840	-0.190389895294
168	0.498671421840	0.190389895294
169	0.498679663442	0.178656064916
170	0.498679663442	-0.178656064916
171	0.498687110988	-0.167136924642
172	0.498687110988	0.167136924642
173	0.498693911581	-0.155813588273
174	0.498693911581	0.155813588273
175	0.498700219260	-0.144668461596
176	0.498700219260	0.144668461596
177	0.498706203747	0.133685065885
178	0.498706203747	-0.133685065885
179	0.498712063566	-0.122847875590
180	0.498712063566	0.122847875590
181	0.498718046898	0.112142162980
182	0.498718046898	-0.112142162980
183	0.498724486439	0.101553841241
184	0.498724486439	-0.101553841241
185	0.498731861191	0.091069292769
186	0.498731861191	-0.091069292769
187	0.498740912295	-0.080675161748
188	0.498740912295	0.080675161748
189	0.498752873462	0.070358074513
190	0.498752873462	-0.070358074513
191	0.498769965783	0.060104225505
192	0.498769965783	-0.060104225505
193	0.498796557968	-0.049898733085
194	0.498796557968	0.049898733085
195	0.498842184770	-0.039724748911
196	0.498842184770	0.039724748911
197	0.498930347673	-0.029563527454
198	0.498930347673	0.029563527454
199	0.499125577642	0.019407957118
200	0.499125577642	-0.019407957118
201	0.499571396834	0.009386518485
202	0.499571396834	-0.009386518485

(b):
Index	Real(z_j)	Imag(z_j)
1	-1.499128988232	-0.009354336794
2	-1.499128988232	0.009354336794
3	-1.498829037985	-0.019611339114
4	-1.498829037985	0.019611339114
5	-1.498760449797	0.029772893411
6	-1.498760449797	-0.029772893411
7	-1.498735159768	-0.039907091778
8	-1.498735159768	0.039907091778
9	-1.498722827869	-0.050055104443
10	-1.498722827869	0.050055104443
11	-1.498715543561	0.060239621960
12	-1.498715543561	-0.060239621960
13	-1.498710519722	0.070476911957
14	-1.498710519722	-0.070476911957
15	-1.498706557495	0.080780823420
16	-1.498706557495	-0.080780823420
17	-1.498703057008	0.091164312851
18	-1.498703057008	-0.091164312851
19	-1.498699676287	0.101640130105
20	-1.498699676287	-0.101640130105
21	-1.498696195171	-0.112221181824
22	-1.498696195171	0.112221181824
23	-1.498692454616	0.122920760390
24	-1.498692454616	-0.122920760390
25	-1.498688326833	-0.133752713944
26	-1.498688326833	0.133752713944
27	-1.498683699534	0.144731592172
28	-1.498683699534	-0.144731592172
29	-1.498678467086	0.155872785657
30	-1.498678467086	-0.155872785657
31	-1.498672524884	-0.167192669202
32	-1.498672524884	0.167192669202
33	-1.498665765546	0.178708755840
34	-1.498665765546	-0.178708755840
35	-1.498658076016	0.190439867481
36	-1.498658076016	-0.190439867481
37	-1.498649335008	0.202406327531
38	-1.498649335008	-0.202406327531
39	-1.498639410502	0.214630181315
40	-1.498639410502	-0.214630181315
41	-1.498628157188	0.227135450895
42	-1.498628157188	-0.227135450895
43	-1.498615413462	0.239948432215
44	-1.498615413462	-0.239948432215
45	-1.498600997968	-0.253098044359
46	-1.498600997968	0.253098044359
47	-1.498584705440	0.266616243044
48	-1.498584705440	-0.266616243044
49	-1.498566301566	-0.280538513692
50	-1.498566301566	0.280538513692
51	-1.498545516659	-0.294904463916
52	-1.498545516659	0.294904463916
53	-1.498522037725	0.309758540954
54	-1.498522037725	-0.309758540954
55	-1.498495498377	0.325150907510
56	-1.498495498377	-0.325150907510
57	-1.498465465918	0.341138520360
58	-1.498465465918	-0.341138520360
59	-1.498431424600	0.357786471369
60	-1.498431424600	-0.357786471369
61	-1.498392753649	0.375169671665
62	-1.498392753649	-0.375169671665
63	-1.498348698020	0.393374990487
64	-1.498348698020	-0.393374990487
65	-1.498298328948	0.412504004923
66	-1.498298328948	-0.412504004923
67	-1.498240489918	0.432676582995
68	-1.498240489918	-0.432676582995
69	-1.498173721068	0.454035623155
70	-1.498173721068	-0.454035623155
71	-1.498096151642	0.476753429394
72	-1.498096151642	-0.476753429394
73	-1.498005343306	-0.501040450458
74	-1.498005343306	0.501040450458
75	-1.497898055907	0.527157520090
76	-1.497898055907	-0.527157520090
77	-1.497769887079	0.555433429398
78	-1.497769887079	-0.555433429398
79	-1.497614698159	0.586290887045
80	-1.497614698159	-0.586290887045
81	-1.497423662841	-0.620286182688
82	-1.497423662841	0.620286182688
83	-1.497183613283	-0.658172267856
84	-1.497183613283	0.658172267856
85	-1.496873993445	-0.701004087964
86	-1.496873993445	0.701004087964
87	-1.496460828882	0.750325438286
88	-1.496460828882	-0.750325438286
89	-1.495883641190	0.808527121392
90	-1.495883641190	-0.808527121392
91	-1.495023358296	0.879607918042
92	-1.495023358296	-0.879607918042
93	-1.493608824445	-0.971043624405
94	-1.493608824445	0.971043624405
95	-1.490861547440	1.099525878785
96	-1.490861547440	-1.099525878785
97	-1.489976755574	-0.000000000000
98	-1.483296214954	1.317513575817
99	-1.483296214954	-1.317513575817
100	-1.200000000002	0.000000000000
101	-0.500000000000	2.359744298752
102	-0.500000000000	-2.359744298752
103	0.200000000002	-0.000000000000
104	0.483296214954	1.317513575817
105	0.483296214954	-1.317513575817
106	0.489976755574	0.000000000000
107	0.490861547440	1.099525878785
108	0.490861547440	-1.099525878785
109	0.493608824445	-0.971043624405
110	0.493608824445	0.971043624405
111	0.495023358296	0.879607918042
112	0.495023358296	-0.879607918042
113	0.495883641190	0.808527121392
114	0.495883641190	-0.808527121392
115	0.496460828882	0.750325438286
116	0.496460828882	-0.750325438286
117	0.496873993445	-0.701004087964
118	0.496873993445	0.701004087964
119	0.497183613283	-0.658172267856
120	0.497183613283	0.658172267856
121	0.497423662841	-0.620286182688
122	0.497423662841	0.620286182688
123	0.497614698159	0.586290887045
124	0.497614698159	-0.586290887045
125	0.497769887079	0.555433429398
126	0.497769887079	-0.555433429398
127	0.497898055907	0.527157520090
128	0.497898055907	-0.527157520090
129	0.498005343306	-0.501040450458
130	0.498005343306	0.501040450458
131	0.498096151642	0.476753429394
132	0.498096151642	-0.476753429394
133	0.498173721068	0.454035623155
134	0.498173721068	-0.454035623155
135	0.498240489918	0.432676582995
136	0.498240489918	-0.432676582995
137	0.498298328948	0.412504004923
138	0.498298328948	-0.412504004923
139	0.498348698020	0.393374990487
140	0.498348698020	-0.393374990487
141	0.498392753649	0.375169671665
142	0.498392753649	-0.375169671665
143	0.498431424600	0.357786471369
144	0.498431424600	-0.357786471369
145	0.498465465918	0.341138520360
146	0.498465465918	-0.341138520360
147	0.498495498377	0.325150907510
148	0.498495498377	-0.325150907510
149	0.498522037725	0.309758540954
150	0.498522037725	-0.309758540954
151	0.498545516659	-0.294904463916
152	0.498545516659	0.294904463916
153	0.498566301566	-0.280538513692
154	0.498566301566	0.280538513692
155	0.498584705440	0.266616243044
156	0.498584705440	-0.266616243044
157	0.498600997968	-0.253098044359
158	0.498600997968	0.253098044359
159	0.498615413462	0.239948432215
160	0.498615413462	-0.239948432215
161	0.498628157188	0.227135450895
162	0.498628157188	-0.227135450895
163	0.498639410502	0.214630181315
164	0.498639410502	-0.214630181315
165	0.498649335008	0.202406327531
166	0.498649335008	-0.202406327531
167	0.498658076016	0.190439867481
168	0.498658076016	-0.190439867481
169	0.498665765546	0.178708755840
170	0.498665765546	-0.178708755840
171	0.498672524884	-0.167192669202
172	0.498672524884	0.167192669202
173	0.498678467086	0.155872785657
174	0.498678467086	-0.155872785657
175	0.498683699534	0.144731592172
176	0.498683699534	-0.144731592172
177	0.498688326833	-0.133752713944
178	0.498688326833	0.133752713944
179	0.498692454616	0.122920760390
180	0.498692454616	-0.122920760390
181	0.498696195171	-0.112221181824
182	0.498696195171	0.112221181824
183	0.498699676287	0.101640130105
184	0.498699676287	-0.101640130105
185	0.498703057008	0.091164312851
186	0.498703057008	-0.091164312851
187	0.498706557495	0.080780823420
188	0.498706557495	-0.080780823420
189	0.498710519722	0.070476911957
190	0.498710519722	-0.070476911957
191	0.498715543561	0.060239621960
192	0.498715543561	-0.060239621960
193	0.498722827869	-0.050055104443
194	0.498722827869	0.050055104443
195	0.498735159768	-0.039907091778
196	0.498735159768	0.039907091778
197	0.498760449797	0.029772893411
198	0.498760449797	-0.029772893411
199	0.498829037985	-0.019611339114
200	0.498829037985	0.019611339114
201	0.499128988232	-0.009354336794
202	0.499128988232	0.009354336794

(c):
Index	Real(z_j)	Imag(z_j)
1	-1.498697423963	-0.000000000000
2	-1.498697273252	0.010006625606
3	-1.498697273252	-0.010006625606
4	-1.498697041084	0.020023047000
5	-1.498697041084	-0.020023047000
6	-1.498696652095	-0.030059204663
7	-1.498696652095	0.030059204663
8	-1.498696089480	0.040125081015
9	-1.498696089480	-0.040125081015
10	-1.498695333239	-0.050230812095
11	-1.498695333239	0.050230812095
12	-1.498694358506	-0.060386737327
13	-1.498694358506	0.060386737327
14	-1.498693134874	0.070603454426
15	-1.498693134874	-0.070603454426
16	-1.498691626580	0.080891877030
17	-1.498691626580	-0.080891877030
18	-1.498689792520	0.091263297363
19	-1.498689792520	-0.091263297363
20	-1.498687586050	0.101729453649
21	-1.498687586050	-0.101729453649
22	-1.498684954853	-0.112302603005
23	-1.498684954853	0.112302603005
24	-1.498681840942	0.122995602041
25	-1.498681840942	-0.122995602041
26	-1.498678180217	-0.133821995730
27	-1.498678180217	0.133821995730
28	-1.498673902119	0.144796116372
29	-1.498673902119	-0.144796116372
30	-1.498668929180	-0.155933194645
31	-1.498668929180	0.155933194645
32	-1.498663176316	0.167249485072
33	-1.498663176316	-0.167249485072
34	-1.498656549944	0.178762408498
35	-1.498656549944	-0.178762408498
36	-1.498648946894	0.190490714928
37	-1.498648946894	-0.190490714928
38	-1.498640253035	-0.202454670836
39	-1.498640253035	0.202454670836
40	-1.498630341560	0.214676275847
41	-1.498630341560	-0.214676275847
42	-1.498619070919	-0.227179514862
43	-1.498619070919	0.227179514862
44	-1.498606282190	-0.239990653281
45	-1.498606282190	0.239990653281
46	-1.498591795820	0.253138584775
47	-1.498591795820	-0.253138584775
48	-1.498575407647	0.266655243687
49	-1.498575407647	-0.266655243687
50	-1.498556883883	0.280576097271
51	-1.498556883883	-0.280576097271
52	-1.498535954844	0.294940737505
53	-1.498535954844	-0.294940737505
54	-1.498512307058	0.309793598024
55	-1.498512307058	-0.309793598024
56	-1.498485573192	0.325184829507
57	-1.498485573192	-0.325184829507
58	-1.498455319112	-0.341171377974
59	-1.498455319112	0.341171377974
60	-1.498421027104	-0.357818325456
61	-1.498421027104	0.357818325456
62	-1.498382073839	-0.375200573917
63	-1.498382073839	0.375200573917
64	-1.498337701020	-0.393404983835
65	-1.498337701020	0.393404983835
66	-1.498286975816	-0.412533123668
67	-1.498286975816	0.412533123668
68	-1.498228736600	-0.432704852677
69	-1.498228736600	0.432704852677
70	-1.498161517095	-0.454063060067
71	-1.498161517095	0.454063060067
72	-1.498083438439	-0.476780039669
73	-1.498083438439	0.476780039669
74	-1.497992051939	-0.501066228624
75	-1.497992051939	0.501066228624
76	-1.497884104030	0.527182446819
77	-1.497884104030	-0.527182446819
78	-1.497755174680	-0.555457468133
79	-1.497755174680	0.555457468133
80	-1.497599101456	-0.586313978858
81	-1.497599101456	0.586313978858
82	-1.497407025225	-0.620308238310
83	-1.497407025225	0.620308238310
84	-1.497165731408	0.658193154902
85	-1.497165731408	-0.658193154902
86	-1.496854594759	-0.701023609539
87	-1.496854594759	0.701023609539
88	-1.496439533252	-0.750343294855
89	-1.496439533252	0.750343294855
90	-1.495859890460	-0.808542837137
91	-1.495859890460	0.808542837137
92	-1.494996273892	0.879620681804
93	-1.494996273892	-0.879620681804
94	-1.493576879200	0.971051886207
95	-1.493576879200	-0.971051886207
96	-1.490821648628	-1.099526028013
97	-1.490821648628	1.099526028013
98	-1.483240290960	1.317492874938
99	-1.483240290960	-1.317492874938
100	-1.200000000002	0.000000000000
101	-0.500000000000	2.359135105853
102	-0.500000000000	-2.359135105853
103	0.200000000002	-0.000000000000
104	0.483240290960	1.317492874938
105	0.483240290960	-1.317492874938
106	0.490821648628	-1.099526028013
107	0.490821648628	1.099526028013
108	0.493576879200	0.971051886207
109	0.493576879200	-0.971051886207
110	0.494996273892	0.879620681804
111	0.494996273892	-0.879620681804
112	0.495859890460	-0.808542837137
113	0.495859890460	0.808542837137
114	0.496439533252	-0.750343294855
115	0.496439533252	0.750343294855
116	0.496854594759	-0.701023609539
117	0.496854594759	0.701023609539
118	0.497165731408	0.658193154902
119	0.497165731408	-0.658193154902
120	0.497407025225	-0.620308238310
121	0.497407025225	0.620308238310
122	0.497599101456	-0.586313978858
123	0.497599101456	0.586313978858
124	0.497755174680	-0.555457468133
125	0.497755174680	0.555457468133
126	0.497884104030	0.527182446819
127	0.497884104030	-0.527182446819
128	0.497992051939	-0.501066228624
129	0.497992051939	0.501066228624
130	0.498083438439	-0.476780039669
131	0.498083438439	0.476780039669
132	0.498161517095	-0.454063060067
133	0.498161517095	0.454063060067
134	0.498228736600	-0.432704852677
135	0.498228736600	0.432704852677
136	0.498286975816	-0.412533123668
137	0.498286975816	0.412533123668
138	0.498337701020	-0.393404983835
139	0.498337701020	0.393404983835
140	0.498382073839	-0.375200573917
141	0.498382073839	0.375200573917
142	0.498421027104	-0.357818325456
143	0.498421027104	0.357818325456
144	0.498455319112	-0.341171377974
145	0.498455319112	0.341171377974
146	0.498485573192	0.325184829507
147	0.498485573192	-0.325184829507
148	0.498512307058	0.309793598024
149	0.498512307058	-0.309793598024
150	0.498535954844	0.294940737505
151	0.498535954844	-0.294940737505
152	0.498556883883	0.280576097271
153	0.498556883883	-0.280576097271
154	0.498575407647	0.266655243687
155	0.498575407647	-0.266655243687
156	0.498591795820	0.253138584775
157	0.498591795820	-0.253138584775
158	0.498606282190	-0.239990653281
159	0.498606282190	0.239990653281
160	0.498619070919	-0.227179514862
161	0.498619070919	0.227179514862
162	0.498630341560	0.214676275847
163	0.498630341560	-0.214676275847
164	0.498640253035	-0.202454670836
165	0.498640253035	0.202454670836
166	0.498648946894	0.190490714928
167	0.498648946894	-0.190490714928
168	0.498656549944	0.178762408498
169	0.498656549944	-0.178762408498
170	0.498663176316	0.167249485072
171	0.498663176316	-0.167249485072
172	0.498668929180	-0.155933194645
173	0.498668929180	0.155933194645
174	0.498673902119	0.144796116372
175	0.498673902119	-0.144796116372
176	0.498678180217	-0.133821995730
177	0.498678180217	0.133821995730
178	0.498681840942	0.122995602041
179	0.498681840942	-0.122995602041
180	0.498684954853	-0.112302603005
181	0.498684954853	0.112302603005
182	0.498687586050	0.101729453649
183	0.498687586050	-0.101729453649
184	0.498689792520	0.091263297363
185	0.498689792520	-0.091263297363
186	0.498691626580	0.080891877030
187	0.498691626580	-0.080891877030
188	0.498693134874	0.070603454426
189	0.498693134874	-0.070603454426
190	0.498694358506	-0.060386737327
191	0.498694358506	0.060386737327
192	0.498695333239	-0.050230812095
193	0.498695333239	0.050230812095
194	0.498696089480	0.040125081015
195	0.498696089480	-0.040125081015
196	0.498696652095	-0.030059204663
197	0.498696652095	0.030059204663
198	0.498697041084	0.020023047000
199	0.498697041084	-0.020023047000
200	0.498697273252	0.010006625606
201	0.498697273252	-0.010006625606
202	0.498697423963	0.000000000000

(d):
Index	Real(z_j)	Imag(z_j)
1	-1.504214916299	0.000000000000
2	-1.499090944644	-0.010542297386
3	-1.499090944644	0.010542297386
4	-1.498842393720	-0.020397241884
5	-1.498842393720	0.020397241884
6	-1.498765912939	-0.030332474339
7	-1.498765912939	0.030332474339
8	-1.498734234539	0.040337655058
9	-1.498734234539	-0.040337655058
10	-1.498718075516	-0.050404033149
11	-1.498718075516	0.050404033149
12	-1.498708428747	-0.060532677557
13	-1.498708428747	0.060532677557
14	-1.498701855821	0.070729476374
15	-1.498701855821	-0.070729476374
16	-1.498696815343	-0.081002763439
17	-1.498696815343	0.081002763439
18	-1.498692521848	0.091362316738
19	-1.498692521848	-0.091362316738
20	-1.498688527669	-0.101818932753
21	-1.498688527669	0.101818932753
22	-1.498684549335	-0.112384254357
23	-1.498684549335	0.112384254357
24	-1.498680388082	0.123070721258
25	-1.498680388082	-0.123070721258
26	-1.498675890151	-0.133891585933
27	-1.498675890151	0.133891585933
28	-1.498670925656	-0.144860969581
29	-1.498670925656	0.144860969581
30	-1.498665376540	-0.155993946799
31	-1.498665376540	0.155993946799
32	-1.498659129164	0.167306654259
33	-1.498659129164	-0.167306654259
34	-1.498652069279	0.178816422147
35	-1.498652069279	-0.178816422147
36	-1.498644078433	-0.190541929595
37	-1.498644078433	0.190541929595
38	-1.498635030900	-0.202503386842
39	-1.498635030900	0.202503386842
40	-1.498624790872	0.214722748285
41	-1.498624790872	-0.214722748285
42	-1.498613209665	0.227223962038
43	-1.498613209665	-0.227223962038
44	-1.498600122527	0.240033263189
45	-1.498600122527	-0.240033263189
46	-1.498585345037	-0.253179520194
47	-1.498585345037	0.253179520194
48	-1.498568668824	0.266694646185
49	-1.498568668824	-0.266694646185
50	-1.498549856361	0.280614090365
51	-1.498549856361	-0.280614090365
52	-1.498528634519	0.294977429219
53	-1.498528634519	-0.294977429219
54	-1.498504686530	-0.309829082876
55	-1.498504686530	0.309829082876
56	-1.498477641809	0.325219190129
57	-1.498477641809	-0.325219190129
58	-1.498447062887	0.341204686360
59	-1.498447062887	-0.341204686360
60	-1.498412428523	0.357850643910
61	-1.498412428523	-0.357850643910
62	-1.498373111536	-0.375231955747
63	-1.498373111536	0.375231955747
64	-1.498328349322	-0.393435473771
65	-1.498328349322	0.393435473771
66	-1.498277204103	-0.412562758048
67	-1.498277204103	0.412562758048
68	-1.498218508442	-0.432733659346
69	-1.498218508442	0.432733659346
70	-1.498150789104	-0.454091057943
71	-1.498150789104	0.454091057943
72	-1.498072158717	-0.476807237925
73	-1.498072158717	0.476807237925
74	-1.497980157978	0.501092625329
75	-1.497980157978	-0.501092625329
76	-1.497871519807	0.527208026836
77	-1.497871519807	-0.527208026836
78	-1.497741806585	0.555482199923
79	-1.497741806585	-0.555482199923
80	-1.497584832395	0.586337809620
81	-1.497584832395	-0.586337809620
82	-1.497391705892	0.620331086404
83	-1.497391705892	-0.620331086404
84	-1.497149166747	-0.658214897691
85	-1.497149166747	0.658214897691
86	-1.496836522192	-0.701044062977
87	-1.496836522192	0.701044062977
88	-1.496419585373	-0.750362177051
89	-1.496419585373	0.750362177051
90	-1.495837526541	0.808559697818
91	-1.495837526541	-0.808559697818
92	-1.494970641432	-0.879634749773
93	-1.494970641432	0.879634749773
94	-1.493546494636	-0.971061681509
95	-1.493546494636	0.971061681509
96	-1.490783504919	1.099528088719
97	-1.490783504919	-1.099528088719
98	-1.483186532067	-1.317474932230
99	-1.483186532067	1.317474932230
100	-1.200000000002	-0.000000000000
101	-0.500000000000	-2.358545718726
102	-0.500000000000	2.358545718726
103	0.200000000002	0.000000000000
104	0.483186532067	-1.317474932230
105	0.483186532067	1.317474932230
106	0.490783504919	1.099528088719
107	0.490783504919	-1.099528088719
108	0.493546494636	-0.971061681509
109	0.493546494636	0.971061681509
110	0.494970641432	-0.879634749773
111	0.494970641432	0.879634749773
112	0.495837526541	0.808559697818
113	0.495837526541	-0.808559697818
114	0.496419585373	-0.750362177051
115	0.496419585373	0.750362177051
116	0.496836522192	-0.701044062977
117	0.496836522192	0.701044062977
118	0.497149166747	-0.658214897691
119	0.497149166747	0.658214897691
120	0.497391705892	0.620331086404
121	0.497391705892	-0.620331086404
122	0.497584832395	0.586337809620
123	0.497584832395	-0.586337809620
124	0.497741806585	0.555482199923
125	0.497741806585	-0.555482199923
126	0.497871519807	0.527208026836
127	0.497871519807	-0.527208026836
128	0.497980157978	0.501092625329
129	0.497980157978	-0.501092625329
130	0.498072158717	-0.476807237925
131	0.498072158717	0.476807237925
132	0.498150789104	-0.454091057943
133	0.498150789104	0.454091057943
134	0.498218508442	-0.432733659346
135	0.498218508442	0.432733659346
136	0.498277204103	-0.412562758048
137	0.498277204103	0.412562758048
138	0.498328349322	-0.393435473771
139	0.498328349322	0.393435473771
140	0.498373111536	-0.375231955747
141	0.498373111536	0.375231955747
142	0.498412428523	0.357850643910
143	0.498412428523	-0.357850643910
144	0.498447062887	0.341204686360
145	0.498447062887	-0.341204686360
146	0.498477641809	0.325219190129
147	0.498477641809	-0.325219190129
148	0.498504686530	-0.309829082876
149	0.498504686530	0.309829082876
150	0.498528634519	0.294977429219
151	0.498528634519	-0.294977429219
152	0.498549856361	0.280614090365
153	0.498549856361	-0.280614090365
154	0.498568668824	0.266694646185
155	0.498568668824	-0.266694646185
156	0.498585345037	-0.253179520194
157	0.498585345037	0.253179520194
158	0.498600122527	0.240033263189
159	0.498600122527	-0.240033263189
160	0.498613209665	0.227223962038
161	0.498613209665	-0.227223962038
162	0.498624790872	0.214722748285
163	0.498624790872	-0.214722748285
164	0.498635030900	-0.202503386842
165	0.498635030900	0.202503386842
166	0.498644078433	-0.190541929595
167	0.498644078433	0.190541929595
168	0.498652069279	0.178816422147
169	0.498652069279	-0.178816422147
170	0.498659129164	0.167306654259
171	0.498659129164	-0.167306654259
172	0.498665376540	-0.155993946799
173	0.498665376540	0.155993946799
174	0.498670925656	-0.144860969581
175	0.498670925656	0.144860969581
176	0.498675890151	-0.133891585933
177	0.498675890151	0.133891585933
178	0.498680388082	0.123070721258
179	0.498680388082	-0.123070721258
180	0.498684549335	-0.112384254357
181	0.498684549335	0.112384254357
182	0.498688527669	-0.101818932753
183	0.498688527669	0.101818932753
184	0.498692521848	0.091362316738
185	0.498692521848	-0.091362316738
186	0.498696815343	-0.081002763439
187	0.498696815343	0.081002763439
188	0.498701855821	0.070729476374
189	0.498701855821	-0.070729476374
190	0.498708428747	-0.060532677557
191	0.498708428747	0.060532677557
192	0.498718075516	-0.050404033149
193	0.498718075516	0.050404033149
194	0.498734234539	0.040337655058
195	0.498734234539	-0.040337655058
196	0.498765912939	-0.030332474339
197	0.498765912939	0.030332474339
198	0.498842393720	-0.020397241884
199	0.498842393720	0.020397241884
200	0.499090944644	-0.010542297386
201	0.499090944644	0.010542297386
202	0.504214916299	-0.000000000000



Source Data for Figure 12
(a):
Index	Real(z_j)	Imag(z_j)
1	-1.513990912013	0.000000000000
2	-1.500532931759	0.206184406083
3	-1.500532931759	-0.206184406083
4	-1.500532913356	0.194232997242
5	-1.500532913356	-0.194232997242
6	-1.500532745898	0.218395733537
7	-1.500532745898	-0.218395733537
8	-1.500532720784	-0.182519307712
9	-1.500532720784	0.182519307712
10	-1.500532377188	0.171022841224
11	-1.500532377188	-0.171022841224
12	-1.500532318186	-0.230891145241
13	-1.500532318186	0.230891145241
14	-1.500531898837	0.159724573189
15	-1.500531898837	-0.159724573189
16	-1.500531602577	0.243697077153
17	-1.500531602577	-0.243697077153
18	-1.500531294945	0.148606743286
19	-1.500531294945	-0.148606743286
20	-1.500530566598	0.137652664023
21	-1.500530566598	-0.137652664023
22	-1.500530543221	0.256842590626
23	-1.500530543221	-0.256842590626
24	-1.500529704643	-0.126846536673
25	-1.500529704643	0.126846536673
26	-1.500529072664	-0.270359791167
27	-1.500529072664	0.270359791167
28	-1.500528686183	-0.116173262775
29	-1.500528686183	0.116173262775
30	-1.500527467951	-0.105618234667
31	-1.500527467951	0.105618234667
32	-1.500527109521	-0.284284326679
33	-1.500527109521	0.284284326679
34	-1.500525974621	-0.095167076436
35	-1.500525974621	0.095167076436
36	-1.500524555387	-0.298655985232
37	-1.500524555387	0.298655985232
38	-1.500524076602	0.084805283131
39	-1.500524076602	-0.084805283131
40	-1.500521545759	-0.074517653790
41	-1.500521545759	0.074517653790
42	-1.500521290895	-0.313519418206
43	-1.500521290895	0.313519418206
44	-1.500517960963	-0.064287288750
45	-1.500517960963	0.064287288750
46	-1.500517170572	-0.328925022679
47	-1.500517170572	0.328925022679
48	-1.500512486466	0.054093600028
49	-1.500512486466	-0.054093600028
50	-1.500512016050	-0.344930027832
51	-1.500512016050	0.344930027832
52	-1.500505607143	-0.361599845302
53	-1.500505607143	0.361599845302
54	-1.500503283965	0.043907839142
55	-1.500503283965	-0.043907839142
56	-1.500497669903	-0.379009765197
57	-1.500497669903	0.379009765197
58	-1.500487860389	-0.397247110075
59	-1.500487860389	0.397247110075
60	-1.500485675920	-0.033681421357
61	-1.500485675920	0.033681421357
62	-1.500475742400	-0.416414004343
63	-1.500475742400	0.416414004343
64	-1.500460756340	-0.436630983560
65	-1.500460756340	0.436630983560
66	-1.500444939586	-0.023308720037
67	-1.500444939586	0.023308720037
68	-1.500442174932	0.458041769471
69	-1.500442174932	-0.458041769471
70	-1.500419038940	0.480819694386
71	-1.500419038940	-0.480819694386
72	-1.500390061742	0.505176510093
73	-1.500390061742	-0.505176510093
74	-1.500353483885	-0.531374729468
75	-1.500353483885	0.531374729468
76	-1.500318681270	-0.012470770764
77	-1.500318681270	0.012470770764
78	-1.500306844666	-0.559745350385
79	-1.500306844666	0.559745350385
80	-1.500246610694	-0.590714050047
81	-1.500246610694	0.590714050047
82	-1.500167546825	0.624841224766
83	-1.500167546825	-0.624841224766
84	-1.500061597493	-0.662885704166
85	-1.500061597493	0.662885704166
86	-1.499915775940	-0.705911211337
87	-1.499915775940	0.705911211337
88	-1.499707877784	-0.755475375325
89	-1.499707877784	0.755475375325
90	-1.499396915991	-0.813992401758
91	-1.499396915991	0.813992401758
92	-1.498898925457	-0.885504709675
93	-1.498898925457	0.885504709675
94	-1.498013892672	-0.977581921006
95	-1.498013892672	0.977581921006
96	-1.496135402369	-1.107169743115
97	-1.496135402369	1.107169743115
98	-1.490329827182	-1.327811042302
99	-1.490329827182	1.327811042302
100	-1.490030865851	0.000000000000
101	-0.500000000000	-2.434695011983
102	-0.500000000000	2.434695011983
103	0.490030865851	-0.000000000000
104	0.490329827182	-1.327811042302
105	0.490329827182	1.327811042302
106	0.496135402369	-1.107169743115
107	0.496135402369	1.107169743115
108	0.498013892672	-0.977581921006
109	0.498013892672	0.977581921006
110	0.498898925457	-0.885504709675
111	0.498898925457	0.885504709675
112	0.499396915991	-0.813992401758
113	0.499396915991	0.813992401758
114	0.499707877784	-0.755475375325
115	0.499707877784	0.755475375325
116	0.499915775940	-0.705911211337
117	0.499915775940	0.705911211337
118	0.500061597493	-0.662885704166
119	0.500061597493	0.662885704166
120	0.500167546825	0.624841224766
121	0.500167546825	-0.624841224766
122	0.500246610694	-0.590714050047
123	0.500246610694	0.590714050047
124	0.500306844666	-0.559745350385
125	0.500306844666	0.559745350385
126	0.500318681270	-0.012470770764
127	0.500318681270	0.012470770764
128	0.500353483885	-0.531374729468
129	0.500353483885	0.531374729468
130	0.500390061742	0.505176510093
131	0.500390061742	-0.505176510093
132	0.500419038940	0.480819694386
133	0.500419038940	-0.480819694386
134	0.500442174932	0.458041769471
135	0.500442174932	-0.458041769471
136	0.500444939586	-0.023308720037
137	0.500444939586	0.023308720037
138	0.500460756340	-0.436630983560
139	0.500460756340	0.436630983560
140	0.500475742400	-0.416414004343
141	0.500475742400	0.416414004343
142	0.500485675920	-0.033681421357
143	0.500485675920	0.033681421357
144	0.500487860389	-0.397247110075
145	0.500487860389	0.397247110075
146	0.500497669903	-0.379009765197
147	0.500497669903	0.379009765197
148	0.500503283965	0.043907839142
149	0.500503283965	-0.043907839142
150	0.500505607143	-0.361599845302
151	0.500505607143	0.361599845302
152	0.500512016050	-0.344930027832
153	0.500512016050	0.344930027832
154	0.500512486466	0.054093600028
155	0.500512486466	-0.054093600028
156	0.500517170572	-0.328925022679
157	0.500517170572	0.328925022679
158	0.500517960963	-0.064287288750
159	0.500517960963	0.064287288750
160	0.500521290895	-0.313519418206
161	0.500521290895	0.313519418206
162	0.500521545759	-0.074517653790
163	0.500521545759	0.074517653790
164	0.500524076602	0.084805283131
165	0.500524076602	-0.084805283131
166	0.500524555387	-0.298655985232
167	0.500524555387	0.298655985232
168	0.500525974621	-0.095167076436
169	0.500525974621	0.095167076436
170	0.500527109521	-0.284284326679
171	0.500527109521	0.284284326679
172	0.500527467951	-0.105618234667
173	0.500527467951	0.105618234667
174	0.500528686183	-0.116173262775
175	0.500528686183	0.116173262775
176	0.500529072664	-0.270359791167
177	0.500529072664	0.270359791167
178	0.500529704643	-0.126846536673
179	0.500529704643	0.126846536673
180	0.500530543221	0.256842590626
181	0.500530543221	-0.256842590626
182	0.500530566598	0.137652664023
183	0.500530566598	-0.137652664023
184	0.500531294945	0.148606743286
185	0.500531294945	-0.148606743286
186	0.500531602577	0.243697077153
187	0.500531602577	-0.243697077153
188	0.500531898837	0.159724573189
189	0.500531898837	-0.159724573189
190	0.500532318186	-0.230891145241
191	0.500532318186	0.230891145241
192	0.500532377188	0.171022841224
193	0.500532377188	-0.171022841224
194	0.500532720784	-0.182519307712
195	0.500532720784	0.182519307712
196	0.500532745898	0.218395733537
197	0.500532745898	-0.218395733537
198	0.500532913356	0.194232997242
199	0.500532913356	-0.194232997242
200	0.500532931759	0.206184406083
201	0.500532931759	-0.206184406083
202	0.513990912013	-0.000000000000

(b):
Index	Real(z_j)	Imag(z_j)
1	-1.506821991243	-0.000000000000
2	-1.500545941571	-0.206289853849
3	-1.500545941571	0.206289853849
4	-1.500545875770	0.194343234540
5	-1.500545875770	-0.194343234540
6	-1.500545838110	-0.218496915489
7	-1.500545838110	0.218496915489
8	-1.500545674372	-0.182634944643
9	-1.500545674372	0.182634944643
10	-1.500545525407	-0.230988515013
11	-1.500545525407	0.230988515013
12	-1.500545365638	-0.171144595433
13	-1.500545365638	0.171144595433
14	-1.500544973060	-0.159853297766
15	-1.500544973060	0.159853297766
16	-1.500544955953	-0.243791031035
17	-1.500544955953	0.243791031035
18	-1.500544516014	0.148743464185
19	-1.500544516014	-0.148743464185
20	-1.500544073192	0.256933477642
21	-1.500544073192	-0.256933477642
22	-1.500544009982	-0.137798631178
23	-1.500544009982	0.137798631178
24	-1.500543466494	-0.127003295301
25	-1.500543466494	0.127003295301
26	-1.500542892968	0.116342755271
27	-1.500542892968	-0.116342755271
28	-1.500542809615	0.270447921155
29	-1.500542809615	-0.270447921155
30	-1.500542291751	-0.105802950276
31	-1.500542291751	0.105802950276
32	-1.500541658411	0.095370278291
33	-1.500541658411	-0.095370278291
34	-1.500541084372	-0.284369976853
35	-1.500541084372	0.284369976853
36	-1.500540978112	0.085031365873
37	-1.500540978112	-0.085031365873
38	-1.500540217966	-0.074772732905
39	-1.500540217966	0.074772732905
40	-1.500539310515	-0.064580226713
41	-1.500539310515	0.064580226713
42	-1.500538800153	-0.298739405586
43	-1.500538800153	0.298739405586
44	-1.500538113985	0.054437918773
45	-1.500538113985	-0.054437918773
46	-1.500536302740	0.044325602733
47	-1.500536302740	-0.044325602733
48	-1.500535839242	-0.313600836022
49	-1.500535839242	0.313600836022
50	-1.500533003641	0.034212015045
51	-1.500533003641	-0.034212015045
52	-1.500532058404	-0.329004646349
53	-1.500532058404	0.329004646349
54	-1.500527282149	0.345008050159
55	-1.500527282149	-0.345008050159
56	-1.500525173792	0.024031269496
57	-1.500525173792	-0.024031269496
58	-1.500521293904	0.361676446418
59	-1.500521293904	-0.361676446418
60	-1.500513824184	0.379085115213
61	-1.500513824184	-0.379085115213
62	-1.500504534547	0.397321371569
63	-1.500504534547	-0.397321371569
64	-1.500495018465	-0.013556358150
65	-1.500495018465	0.013556358150
66	-1.500492995556	0.416487334796
67	-1.500492995556	-0.416487334796
68	-1.500478655974	0.436703537849
69	-1.500478655974	-0.436703537849
70	-1.500460798930	0.458113702564
71	-1.500460798930	-0.458113702564
72	-1.500438478266	0.480891164414
73	-1.500438478266	-0.480891164414
74	-1.500410424003	0.505247682063
75	-1.500410424003	-0.505247682063
76	-1.500374898204	0.531445779968
77	-1.500374898204	-0.531445779968
78	-1.500329468487	0.559816473881
79	-1.500329468487	-0.559816473881
80	-1.500270639582	0.590785467724
81	-1.500270639582	-0.590785467724
82	-1.500193229022	-0.624913197575
83	-1.500193229022	0.624913197575
84	-1.500089256407	0.662958553070
85	-1.500089256407	-0.662958553070
86	-1.499945846563	0.705985350626
87	-1.499945846563	-0.705985350626
88	-1.499740969166	0.755551371330
89	-1.499740969166	-0.755551371330
90	-1.499433926670	-0.814071085608
91	-1.499433926670	0.814071085608
92	-1.498941278654	-0.885587420176
93	-1.498941278654	0.885587420176
94	-1.498064085390	0.977671120536
95	-1.498064085390	-0.977671120536
96	-1.496198575593	1.107271039402
97	-1.496198575593	-1.107271039402
98	-1.495463664671	0.000000000000
99	-1.490419991577	-1.327944075409
100	-1.490419991577	1.327944075409
101	-0.500000000000	2.435761521923
102	-0.500000000000	-2.435761521923
103	0.490419991577	-1.327944075409
104	0.490419991577	1.327944075409
105	0.495463664671	-0.000000000000
106	0.496198575593	1.107271039402
107	0.496198575593	-1.107271039402
108	0.498064085390	0.977671120536
109	0.498064085390	-0.977671120536
110	0.498941278654	-0.885587420176
111	0.498941278654	0.885587420176
112	0.499433926670	-0.814071085608
113	0.499433926670	0.814071085608
114	0.499740969166	0.755551371330
115	0.499740969166	-0.755551371330
116	0.499945846563	0.705985350626
117	0.499945846563	-0.705985350626
118	0.500089256407	0.662958553070
119	0.500089256407	-0.662958553070
120	0.500193229022	-0.624913197575
121	0.500193229022	0.624913197575
122	0.500270639582	0.590785467724
123	0.500270639582	-0.590785467724
124	0.500329468487	0.559816473881
125	0.500329468487	-0.559816473881
126	0.500374898204	0.531445779968
127	0.500374898204	-0.531445779968
128	0.500410424003	0.505247682063
129	0.500410424003	-0.505247682063
130	0.500438478266	0.480891164414
131	0.500438478266	-0.480891164414
132	0.500460798930	0.458113702564
133	0.500460798930	-0.458113702564
134	0.500478655974	0.436703537849
135	0.500478655974	-0.436703537849
136	0.500492995556	0.416487334796
137	0.500492995556	-0.416487334796
138	0.500495018465	-0.013556358150
139	0.500495018465	0.013556358150
140	0.500504534547	0.397321371569
141	0.500504534547	-0.397321371569
142	0.500513824184	0.379085115213
143	0.500513824184	-0.379085115213
144	0.500521293904	0.361676446418
145	0.500521293904	-0.361676446418
146	0.500525173792	0.024031269496
147	0.500525173792	-0.024031269496
148	0.500527282149	0.345008050159
149	0.500527282149	-0.345008050159
150	0.500532058404	-0.329004646349
151	0.500532058404	0.329004646349
152	0.500533003641	0.034212015045
153	0.500533003641	-0.034212015045
154	0.500535839242	-0.313600836022
155	0.500535839242	0.313600836022
156	0.500536302740	0.044325602733
157	0.500536302740	-0.044325602733
158	0.500538113985	0.054437918773
159	0.500538113985	-0.054437918773
160	0.500538800153	-0.298739405586
161	0.500538800153	0.298739405586
162	0.500539310515	-0.064580226713
163	0.500539310515	0.064580226713
164	0.500540217966	-0.074772732905
165	0.500540217966	0.074772732905
166	0.500540978112	0.085031365873
167	0.500540978112	-0.085031365873
168	0.500541084372	-0.284369976853
169	0.500541084372	0.284369976853
170	0.500541658411	0.095370278291
171	0.500541658411	-0.095370278291
172	0.500542291751	-0.105802950276
173	0.500542291751	0.105802950276
174	0.500542809615	0.270447921155
175	0.500542809615	-0.270447921155
176	0.500542892968	0.116342755271
177	0.500542892968	-0.116342755271
178	0.500543466494	-0.127003295301
179	0.500543466494	0.127003295301
180	0.500544009982	-0.137798631178
181	0.500544009982	0.137798631178
182	0.500544073192	0.256933477642
183	0.500544073192	-0.256933477642
184	0.500544516014	0.148743464185
185	0.500544516014	-0.148743464185
186	0.500544955953	-0.243791031035
187	0.500544955953	0.243791031035
188	0.500544973060	-0.159853297766
189	0.500544973060	0.159853297766
190	0.500545365638	-0.171144595433
191	0.500545365638	0.171144595433
192	0.500545525407	-0.230988515013
193	0.500545525407	0.230988515013
194	0.500545674372	-0.182634944643
195	0.500545674372	0.182634944643
196	0.500545838110	-0.218496915489
197	0.500545838110	0.218496915489
198	0.500545875770	0.194343234540
199	0.500545875770	-0.194343234540
200	0.500545941571	-0.206289853849
201	0.500545941571	0.206289853849
202	0.506821991243	0.000000000000

(c):
Index	Real(z_j)	Imag(z_j)
1	-1.500558206312	-0.218598948036
2	-1.500558206312	0.218598948036
3	-1.500558130077	-0.206396197620
4	-1.500558130077	0.206396197620
5	-1.500558093227	0.231086695871
6	-1.500558093227	-0.231086695871
7	-1.500557904028	0.194454420377
8	-1.500557904028	-0.194454420377
9	-1.500557744092	0.243885761437
10	-1.500557744092	-0.243885761437
11	-1.500557561703	0.182751591378
12	-1.500557561703	-0.182751591378
13	-1.500557131646	0.171267431579
14	-1.500557131646	-0.171267431579
15	-1.500557103425	0.257025110807
16	-1.500557103425	-0.257025110807
17	-1.500556638134	-0.159983190174
18	-1.500556638134	0.159983190174
19	-1.500556105100	0.270536770521
20	-1.500556105100	-0.270536770521
21	-1.500556101979	0.148881456581
22	-1.500556101979	-0.148881456581
23	-1.500555541024	-0.137945996954
24	-1.500555541024	0.137945996954
25	-1.500554970485	0.127161611424
26	-1.500554970485	-0.127161611424
27	-1.500554669963	0.284456322762
28	-1.500554669963	-0.284456322762
29	-1.500554403464	0.116514008399
30	-1.500554403464	-0.116514008399
31	-1.500553851127	0.105989693542
32	-1.500553851127	-0.105989693542
33	-1.500553323076	0.095575870863
34	-1.500553323076	-0.095575870863
35	-1.500552827570	-0.085260354024
36	-1.500552827570	0.085260354024
37	-1.500552702748	0.298823500773
38	-1.500552702748	-0.298823500773
39	-1.500552371562	-0.075031486554
40	-1.500552371562	0.075031486554
41	-1.500551960884	-0.064878069148
42	-1.500551960884	0.064878069148
43	-1.500551600484	0.054789293313
44	-1.500551600484	-0.054789293313
45	-1.500551294516	0.044754680041
46	-1.500551294516	-0.044754680041
47	-1.500551046570	-0.034764022429
48	-1.500551046570	0.034764022429
49	-1.500550859456	0.024807332013
50	-1.500550859456	-0.024807332013
51	-1.500550736180	0.014874791726
52	-1.500550736180	-0.014874791726
53	-1.500550703638	-0.004956740518
54	-1.500550703638	0.004956740518
55	-1.500550088180	-0.313682910198
56	-1.500550088180	0.313682910198
57	-1.500546685925	0.329084910084
58	-1.500546685925	-0.329084910084
59	-1.500542323930	0.345086698230
60	-1.500542323930	-0.345086698230
61	-1.500536789704	0.361753660768
62	-1.500536789704	-0.361753660768
63	-1.500529818645	-0.379161067631
64	-1.500529818645	0.379161067631
65	-1.500521078170	-0.397396226217
66	-1.500521078170	0.397396226217
67	-1.500510145931	-0.416561250666
68	-1.500510145931	0.416561250666
69	-1.500496479344	-0.436776671285
70	-1.500496479344	0.436776671285
71	-1.500479372219	-0.458186209987
72	-1.500479372219	0.458186209987
73	-1.500457891741	-0.480963205427
74	-1.500457891741	0.480963205427
75	-1.500430784842	-0.505319423188
76	-1.500430784842	0.505319423188
77	-1.500396335371	-0.531517399397
78	-1.500396335371	0.531517399397
79	-1.500352139571	0.559888167832
80	-1.500352139571	-0.559888167832
81	-1.500294740631	-0.590857459354
82	-1.500294740631	0.590857459354
83	-1.500219009178	0.624985750123
84	-1.500219009178	-0.624985750123
85	-1.500117040517	0.663031990266
86	-1.500117040517	-0.663031990266
87	-1.499976071791	0.706060090259
88	-1.499976071791	-0.706060090259
89	-1.499774247819	-0.755627984388
90	-1.499774247819	0.755627984388
91	-1.499471162267	-0.814150409845
92	-1.499471162267	0.814150409845
93	-1.498983902423	0.885670804639
94	-1.498983902423	-0.885670804639
95	-1.498114608428	0.977761045488
96	-1.498114608428	-0.977761045488
97	-1.496262167908	-1.107373150602
98	-1.496262167908	1.107373150602
99	-1.490510745008	1.328078133623
100	-1.490510745008	-1.328078133623
101	-0.500000000000	2.436833472138
102	-0.500000000000	-2.436833472138
103	0.490510745008	1.328078133623
104	0.490510745008	-1.328078133623
105	0.496262167908	-1.107373150602
106	0.496262167908	1.107373150602
107	0.498114608428	0.977761045488
108	0.498114608428	-0.977761045488
109	0.498983902423	0.885670804639
110	0.498983902423	-0.885670804639
111	0.499471162267	-0.814150409845
112	0.499471162267	0.814150409845
113	0.499774247819	-0.755627984388
114	0.499774247819	0.755627984388
115	0.499976071791	0.706060090259
116	0.499976071791	-0.706060090259
117	0.500117040517	0.663031990266
118	0.500117040517	-0.663031990266
119	0.500219009178	0.624985750123
120	0.500219009178	-0.624985750123
121	0.500294740631	-0.590857459354
122	0.500294740631	0.590857459354
123	0.500352139571	0.559888167832
124	0.500352139571	-0.559888167832
125	0.500396335371	-0.531517399397
126	0.500396335371	0.531517399397
127	0.500430784842	-0.505319423188
128	0.500430784842	0.505319423188
129	0.500457891741	-0.480963205427
130	0.500457891741	0.480963205427
131	0.500479372219	-0.458186209987
132	0.500479372219	0.458186209987
133	0.500496479344	-0.436776671285
134	0.500496479344	0.436776671285
135	0.500510145931	-0.416561250666
136	0.500510145931	0.416561250666
137	0.500521078170	-0.397396226217
138	0.500521078170	0.397396226217
139	0.500529818645	-0.379161067631
140	0.500529818645	0.379161067631
141	0.500536789704	0.361753660768
142	0.500536789704	-0.361753660768
143	0.500542323930	0.345086698230
144	0.500542323930	-0.345086698230
145	0.500546685925	0.329084910084
146	0.500546685925	-0.329084910084
147	0.500550088180	-0.313682910198
148	0.500550088180	0.313682910198
149	0.500550703638	-0.004956740518
150	0.500550703638	0.004956740518
151	0.500550736180	0.014874791726
152	0.500550736180	-0.014874791726
153	0.500550859456	0.024807332013
154	0.500550859456	-0.024807332013
155	0.500551046570	-0.034764022429
156	0.500551046570	0.034764022429
157	0.500551294516	0.044754680041
158	0.500551294516	-0.044754680041
159	0.500551600484	0.054789293313
160	0.500551600484	-0.054789293313
161	0.500551960884	-0.064878069148
162	0.500551960884	0.064878069148
163	0.500552371562	-0.075031486554
164	0.500552371562	0.075031486554
165	0.500552702748	0.298823500773
166	0.500552702748	-0.298823500773
167	0.500552827570	-0.085260354024
168	0.500552827570	0.085260354024
169	0.500553323076	0.095575870863
170	0.500553323076	-0.095575870863
171	0.500553851127	0.105989693542
172	0.500553851127	-0.105989693542
173	0.500554403464	0.116514008399
174	0.500554403464	-0.116514008399
175	0.500554669963	0.284456322762
176	0.500554669963	-0.284456322762
177	0.500554970485	0.127161611424
178	0.500554970485	-0.127161611424
179	0.500555541024	-0.137945996954
180	0.500555541024	0.137945996954
181	0.500556101979	0.148881456581
182	0.500556101979	-0.148881456581
183	0.500556105100	0.270536770521
184	0.500556105100	-0.270536770521
185	0.500556638134	-0.159983190174
186	0.500556638134	0.159983190174
187	0.500557103425	0.257025110807
188	0.500557103425	-0.257025110807
189	0.500557131646	0.171267431579
190	0.500557131646	-0.171267431579
191	0.500557561703	0.182751591378
192	0.500557561703	-0.182751591378
193	0.500557744092	0.243885761437
194	0.500557744092	-0.243885761437
195	0.500557904028	0.194454420377
196	0.500557904028	-0.194454420377
197	0.500558093227	0.231086695871
198	0.500558093227	-0.231086695871
199	0.500558130077	-0.206396197620
200	0.500558130077	0.206396197620
201	0.500558206312	-0.218598948036
202	0.500558206312	0.218598948036



Source Data for Figure 13
(a):
Index	Real(z_j)	Imag(z_j)
1	-1.535040456618	-1.525181366340
2	-1.535040456618	1.525181366340
3	-1.509575120375	1.188794465220
4	-1.509575120375	-1.188794465220
5	-1.507702375492	-0.000000000000
6	-1.505078191528	1.027981383076
7	-1.505078191528	-1.027981383076
8	-1.503285305655	0.921446888566
9	-1.503285305655	-0.921446888566
10	-1.502336669131	0.841625378899
11	-1.502336669131	-0.841625378899
12	-1.501754352270	0.777727265030
13	-1.501754352270	-0.777727265030
14	-1.501362281558	-0.724402238055
15	-1.501362281558	0.724402238055
16	-1.501081020860	0.678604983306
17	-1.501081020860	-0.678604983306
18	-1.500869672798	0.638436164932
19	-1.500869672798	-0.638436164932
20	-1.500705116473	-0.602631048932
21	-1.500705116473	0.602631048932
22	-1.500573333116	-0.570304899171
23	-1.500573333116	0.570304899171
24	-1.500465347567	-0.540814473608
25	-1.500465347567	0.540814473608
26	-1.500375158012	-0.513677373436
27	-1.500375158012	0.513677373436
28	-1.500298605261	-0.488522472262
29	-1.500298605261	0.488522472262
30	-1.500232720342	-0.465058076807
31	-1.500232720342	0.465058076807
32	-1.500175330124	-0.443050713636
33	-1.500175330124	0.443050713636
34	-1.500124809579	-0.422310551568
35	-1.500124809579	0.422310551568
36	-1.500079921076	-0.402681114821
37	-1.500079921076	0.402681114821
38	-1.500039706878	-0.384031855053
39	-1.500039706878	0.384031855053
40	-1.500003415604	-0.366252678786
41	-1.500003415604	0.366252678786
42	-1.499970450702	-0.349249842990
43	-1.499970450702	0.349249842990
44	-1.499940333682	-0.332942827656
45	-1.499940333682	0.332942827656
46	-1.499912677337	-0.317261918699
47	-1.499912677337	0.317261918699
48	-1.499887166020	-0.302146315712
49	-1.499887166020	0.302146315712
50	-1.499863540921	0.287542633175
51	-1.499863540921	-0.287542633175
52	-1.499841588814	-0.273403700527
53	-1.499841588814	0.273403700527
54	-1.499821133495	0.259687591977
55	-1.499821133495	-0.259687591977
56	-1.499802029081	-0.246356834851
57	-1.499802029081	0.246356834851
58	-1.499784154841	-0.233377757872
59	-1.499784154841	0.233377757872
60	-1.499767411015	0.220719950330
61	-1.499767411015	-0.220719950330
62	-1.499751715540	0.208355809375
63	-1.499751715540	-0.208355809375
64	-1.499737001437	0.196260158010
65	-1.499737001437	-0.196260158010
66	-1.499723214641	0.184409919876
67	-1.499723214641	-0.184409919876
68	-1.499710312381	-0.172783839454
69	-1.499710312381	0.172783839454
70	-1.499698261826	0.161362238490
71	-1.499698261826	-0.161362238490
72	-1.499696631330	0.013114467273
73	-1.499696631330	-0.013114467273
74	-1.499687039165	-0.150126800416
75	-1.499687039165	0.150126800416
76	-1.499676628936	-0.139060374839
77	-1.499676628936	0.139060374839
78	-1.499667023993	0.128146794479
79	-1.499667023993	-0.128146794479
80	-1.499658226053	-0.117370694381
81	-1.499658226053	0.117370694381
82	-1.499650247291	-0.106717319472
83	-1.499650247291	0.106717319472
84	-1.499643114029	0.096172298684
85	-1.499643114029	-0.096172298684
86	-1.499641089092	-0.023898604682
87	-1.499641089092	0.023898604682
88	-1.499636874081	-0.085721343855
89	-1.499636874081	0.085721343855
90	-1.499631612749	-0.075349792256
91	-1.499631612749	0.075349792256
92	-1.499627663102	0.034272326686
93	-1.499627663102	-0.034272326686
94	-1.499627486563	0.065041811481
95	-1.499627486563	-0.065041811481
96	-1.499624806514	0.054778826196
97	-1.499624806514	-0.054778826196
98	-1.499624263334	-0.044535940893
99	-1.499624263334	0.044535940893
100	-1.490043796897	0.000000000000
101	-1.200000000002	-0.000000000000
102	0.200000000002	0.000000000000
103	0.490043796897	-0.000000000000
104	0.499624263334	-0.044535940893
105	0.499624263334	0.044535940893
106	0.499624806514	0.054778826196
107	0.499624806514	-0.054778826196
108	0.499627486563	0.065041811481
109	0.499627486563	-0.065041811481
110	0.499627663102	0.034272326686
111	0.499627663102	-0.034272326686
112	0.499631612749	-0.075349792256
113	0.499631612749	0.075349792256
114	0.499636874081	-0.085721343855
115	0.499636874081	0.085721343855
116	0.499641089092	-0.023898604682
117	0.499641089092	0.023898604682
118	0.499643114029	0.096172298684
119	0.499643114029	-0.096172298684
120	0.499650247291	-0.106717319472
121	0.499650247291	0.106717319472
122	0.499658226053	-0.117370694381
123	0.499658226053	0.117370694381
124	0.499667023993	0.128146794479
125	0.499667023993	-0.128146794479
126	0.499676628936	-0.139060374839
127	0.499676628936	0.139060374839
128	0.499687039165	-0.150126800416
129	0.499687039165	0.150126800416
130	0.499696631330	0.013114467273
131	0.499696631330	-0.013114467273
132	0.499698261826	0.161362238490
133	0.499698261826	-0.161362238490
134	0.499710312381	-0.172783839454
135	0.499710312381	0.172783839454
136	0.499723214641	0.184409919876
137	0.499723214641	-0.184409919876
138	0.499737001437	0.196260158010
139	0.499737001437	-0.196260158010
140	0.499751715540	0.208355809375
141	0.499751715540	-0.208355809375
142	0.499767411015	0.220719950330
143	0.499767411015	-0.220719950330
144	0.499784154841	-0.233377757872
145	0.499784154841	0.233377757872
146	0.499802029081	-0.246356834851
147	0.499802029081	0.246356834851
148	0.499821133495	0.259687591977
149	0.499821133495	-0.259687591977
150	0.499841588814	-0.273403700527
151	0.499841588814	0.273403700527
152	0.499863540921	0.287542633175
153	0.499863540921	-0.287542633175
154	0.499887166020	-0.302146315712
155	0.499887166020	0.302146315712
156	0.499912677337	-0.317261918699
157	0.499912677337	0.317261918699
158	0.499940333682	-0.332942827656
159	0.499940333682	0.332942827656
160	0.499970450702	-0.349249842990
161	0.499970450702	0.349249842990
162	0.500003415604	-0.366252678786
163	0.500003415604	0.366252678786
164	0.500039706878	-0.384031855053
165	0.500039706878	0.384031855053
166	0.500079921076	-0.402681114821
167	0.500079921076	0.402681114821
168	0.500124809579	-0.422310551568
169	0.500124809579	0.422310551568
170	0.500175330124	-0.443050713636
171	0.500175330124	0.443050713636
172	0.500232720342	-0.465058076807
173	0.500232720342	0.465058076807
174	0.500298605261	-0.488522472262
175	0.500298605261	0.488522472262
176	0.500375158012	-0.513677373436
177	0.500375158012	0.513677373436
178	0.500465347567	-0.540814473608
179	0.500465347567	0.540814473608
180	0.500573333116	-0.570304899171
181	0.500573333116	0.570304899171
182	0.500705116473	-0.602631048932
183	0.500705116473	0.602631048932
184	0.500869672798	0.638436164932
185	0.500869672798	-0.638436164932
186	0.501081020860	0.678604983306
187	0.501081020860	-0.678604983306
188	0.501362281558	-0.724402238055
189	0.501362281558	0.724402238055
190	0.501754352270	0.777727265030
191	0.501754352270	-0.777727265030
192	0.502336669131	0.841625378899
193	0.502336669131	-0.841625378899
194	0.503285305655	0.921446888566
195	0.503285305655	-0.921446888566
196	0.505078191528	1.027981383076
197	0.505078191528	-1.027981383076
198	0.507702375492	0.000000000000
199	0.509575120375	1.188794465220
200	0.509575120375	-1.188794465220
201	0.535040456618	-1.525181366340
202	0.535040456618	1.525181366340

(b):
Index	Real(z_j)	Imag(z_j)
1	-1.535197168866	-1.525244267645
2	-1.535197168866	1.525244267645
3	-1.509641861220	-1.188858497760
4	-1.509641861220	1.188858497760
5	-1.505123434171	1.028040647752
6	-1.505123434171	-1.028040647752
7	-1.503320494150	0.921503230145
8	-1.503320494150	-0.921503230145
9	-1.502938855938	0.000000000000
10	-1.502365891063	0.841679838088
11	-1.502365891063	-0.841679838088
12	-1.501779566311	0.777780463174
13	-1.501779566311	-0.777780463174
14	-1.501384590490	-0.724454583524
15	-1.501384590490	0.724454583524
16	-1.501101112871	-0.678656766871
17	-1.501101112871	0.678656766871
18	-1.500888009229	-0.638487607648
19	-1.500888009229	0.638487607648
20	-1.500722023358	-0.602682328289
21	-1.500722023358	0.602682328289
22	-1.500589050396	0.570356164472
23	-1.500589050396	-0.570356164472
24	-1.500480057568	-0.540865855583
25	-1.500480057568	0.540865855583
26	-1.500389002930	-0.513728990590
27	-1.500389002930	0.513728990590
28	-1.500311698390	-0.488574435309
29	-1.500311698390	0.488574435309
30	-1.500245153583	-0.465110491917
31	-1.500245153583	0.465110491917
32	-1.500187179158	-0.443103684941
33	-1.500187179158	0.443103684941
34	-1.500136137541	-0.422364183225
35	-1.500136137541	0.422364183225
36	-1.500090781213	-0.402735512782
37	-1.500090781213	0.402735512782
38	-1.500050144520	0.384087128695
39	-1.500050144520	-0.384087128695
40	-1.500013469646	-0.366308942490
41	-1.500013469646	0.366308942490
42	-1.499980154731	-0.349307217731
43	-1.499980154731	0.349307217731
44	-1.499949716851	0.333001442690
45	-1.499949716851	-0.333001442690
46	-1.499921765042	-0.317321913412
47	-1.499921765042	0.317321913412
48	-1.499895980418	0.302207841687
49	-1.499895980418	-0.302207841687
50	-1.499872101347	0.287605856573
51	-1.499872101347	-0.287605856573
52	-1.499849912083	0.273468804881
53	-1.499849912083	-0.273468804881
54	-1.499829234127	-0.259754781504
55	-1.499829234127	0.259754781504
56	-1.499809919467	0.246426338447
57	-1.499809919467	-0.246426338447
58	-1.499791845319	0.233449833998
59	-1.499791845319	-0.233449833998
60	-1.499774909881	-0.220794893029
61	-1.499774909881	0.220794893029
62	-1.499759028993	0.208433955812
63	-1.499759028993	-0.208433955812
64	-1.499744133401	0.196341898016
65	-1.499744133401	-0.196341898016
66	-1.499730166492	0.184495708176
67	-1.499730166492	-0.184495708176
68	-1.499717082501	-0.172874211583
69	-1.499717082501	0.172874211583
70	-1.499704844920	-0.161457831823
71	-1.499704844920	0.161457831823
72	-1.499693425260	-0.150228382395
73	-1.499693425260	0.150228382395
74	-1.499682801866	-0.139168881661
75	-1.499682801866	0.139168881661
76	-1.499672959082	0.128263385193
77	-1.499672959082	-0.128263385193
78	-1.499663886529	-0.117496828438
79	-1.499663886529	0.117496828438
80	-1.499655578497	-0.106854871145
81	-1.499655578497	0.106854871145
82	-1.499648033751	-0.096323731486
83	-1.499648033751	0.096323731486
84	-1.499641255670	-0.085889987211
85	-1.499641255670	0.085889987211
86	-1.499635253786	-0.075540301892
87	-1.499635253786	0.075540301892
88	-1.499630046516	0.065260981876
89	-1.499630046516	-0.065260981876
90	-1.499625670591	-0.055037135974
91	-1.499625670591	0.055037135974
92	-1.499624915687	-0.014030890767
93	-1.499624915687	0.014030890767
94	-1.499622206066	-0.044850795642
95	-1.499622206066	0.044850795642
96	-1.499619860744	-0.034675845886
97	-1.499619860744	0.034675845886
98	-1.499619351322	-0.024460382124
99	-1.499619351322	0.024460382124
100	-1.495706300172	0.000000000000
101	-1.200000000002	-0.000000000000
102	0.200000000002	0.000000000000
103	0.495706300172	-0.000000000000
104	0.499619351322	-0.024460382124
105	0.499619351322	0.024460382124
106	0.499619860744	-0.034675845886
107	0.499619860744	0.034675845886
108	0.499622206066	-0.044850795642
109	0.499622206066	0.044850795642
110	0.499624915687	-0.014030890767
111	0.499624915687	0.014030890767
112	0.499625670591	-0.055037135974
113	0.499625670591	0.055037135974
114	0.499630046516	0.065260981876
115	0.499630046516	-0.065260981876
116	0.499635253786	-0.075540301892
117	0.499635253786	0.075540301892
118	0.499641255670	-0.085889987211
119	0.499641255670	0.085889987211
120	0.499648033751	-0.096323731486
121	0.499648033751	0.096323731486
122	0.499655578497	-0.106854871145
123	0.499655578497	0.106854871145
124	0.499663886529	-0.117496828438
125	0.499663886529	0.117496828438
126	0.499672959082	0.128263385193
127	0.499672959082	-0.128263385193
128	0.499682801866	-0.139168881661
129	0.499682801866	0.139168881661
130	0.499693425260	-0.150228382395
131	0.499693425260	0.150228382395
132	0.499704844920	-0.161457831823
133	0.499704844920	0.161457831823
134	0.499717082501	-0.172874211583
135	0.499717082501	0.172874211583
136	0.499730166492	0.184495708176
137	0.499730166492	-0.184495708176
138	0.499744133401	0.196341898016
139	0.499744133401	-0.196341898016
140	0.499759028993	0.208433955812
141	0.499759028993	-0.208433955812
142	0.499774909881	-0.220794893029
143	0.499774909881	0.220794893029
144	0.499791845319	0.233449833998
145	0.499791845319	-0.233449833998
146	0.499809919467	0.246426338447
147	0.499809919467	-0.246426338447
148	0.499829234127	-0.259754781504
149	0.499829234127	0.259754781504
150	0.499849912083	0.273468804881
151	0.499849912083	-0.273468804881
152	0.499872101347	0.287605856573
153	0.499872101347	-0.287605856573
154	0.499895980418	0.302207841687
155	0.499895980418	-0.302207841687
156	0.499921765042	-0.317321913412
157	0.499921765042	0.317321913412
158	0.499949716851	0.333001442690
159	0.499949716851	-0.333001442690
160	0.499980154731	-0.349307217731
161	0.499980154731	0.349307217731
162	0.500013469646	-0.366308942490
163	0.500013469646	0.366308942490
164	0.500050144520	0.384087128695
165	0.500050144520	-0.384087128695
166	0.500090781213	-0.402735512782
167	0.500090781213	0.402735512782
168	0.500136137541	-0.422364183225
169	0.500136137541	0.422364183225
170	0.500187179158	-0.443103684941
171	0.500187179158	0.443103684941
172	0.500245153583	-0.465110491917
173	0.500245153583	0.465110491917
174	0.500311698390	-0.488574435309
175	0.500311698390	0.488574435309
176	0.500389002930	-0.513728990590
177	0.500389002930	0.513728990590
178	0.500480057568	-0.540865855583
179	0.500480057568	0.540865855583
180	0.500589050396	0.570356164472
181	0.500589050396	-0.570356164472
182	0.500722023358	-0.602682328289
183	0.500722023358	0.602682328289
184	0.500888009229	-0.638487607648
185	0.500888009229	0.638487607648
186	0.501101112871	-0.678656766871
187	0.501101112871	0.678656766871
188	0.501384590490	-0.724454583524
189	0.501384590490	0.724454583524
190	0.501779566311	0.777780463174
191	0.501779566311	-0.777780463174
192	0.502365891063	0.841679838088
193	0.502365891063	-0.841679838088
194	0.502938855938	-0.000000000000
195	0.503320494150	0.921503230145
196	0.503320494150	-0.921503230145
197	0.505123434171	1.028040647752
198	0.505123434171	-1.028040647752
199	0.509641861220	-1.188858497760
200	0.509641861220	1.188858497760
201	0.535197168866	-1.525244267645
202	0.535197168866	1.525244267645

(c):
Index	Real(z_j)	Imag(z_j)
1	-1.535355457318	1.525307845523
2	-1.535355457318	-1.525307845523
3	-1.509709371867	-1.188923130066
4	-1.509709371867	1.188923130066
5	-1.505169247655	1.028100420155
6	-1.505169247655	-1.028100420155
7	-1.503356160235	0.921560020978
8	-1.503356160235	-0.921560020978
9	-1.502395535714	-0.841734705887
10	-1.502395535714	0.841734705887
11	-1.501805166905	0.777834039817
12	-1.501805166905	-0.777834039817
13	-1.501407260536	0.724507284240
14	-1.501407260536	-0.724507284240
15	-1.501121547419	0.678708887224
16	-1.501121547419	-0.678708887224
17	-1.500906674365	-0.638539372227
18	-1.500906674365	0.638539372227
19	-1.500739248613	0.602733917306
20	-1.500739248613	-0.602733917306
21	-1.500605078410	-0.570407729402
22	-1.500605078410	0.570407729402
23	-1.500495072861	0.540917528934
24	-1.500495072861	-0.540917528934
25	-1.500403149544	0.513780892375
26	-1.500403149544	-0.513780892375
27	-1.500325091236	0.488626677537
28	-1.500325091236	-0.488626677537
29	-1.500257886025	0.465163181904
30	-1.500257886025	-0.465163181904
31	-1.500199328246	0.443156927850
32	-1.500199328246	-0.443156927850
33	-1.500147767725	0.422418084162
34	-1.500147767725	-0.422418084162
35	-1.500101947045	0.402790178590
36	-1.500101947045	-0.402790178590
37	-1.500060892647	0.384142669605
38	-1.500060892647	-0.384142669605
39	-1.500023840337	0.366365473712
40	-1.500023840337	-0.366365473712
41	-1.499990183019	0.349364861066
42	-1.499990183019	-0.349364861066
43	-1.499959433453	0.333060328230
44	-1.499959433453	-0.333060328230
45	-1.499931197060	0.317382181401
46	-1.499931197060	-0.317382181401
47	-1.499905151907	-0.302269644605
48	-1.499905151907	0.302269644605
49	-1.499881033772	-0.287669361543
50	-1.499881033772	0.287669361543
51	-1.499858624685	0.273534196468
52	-1.499858624685	-0.273534196468
53	-1.499837744220	0.259822265065
54	-1.499837744220	-0.259822265065
55	-1.499818242691	0.246496144140
56	-1.499818242691	-0.246496144140
57	-1.499799995820	0.233522221722
58	-1.499799995820	-0.233522221722
59	-1.499782900489	-0.220870158468
60	-1.499782900489	0.220870158468
61	-1.499766871340	-0.208512438051
62	-1.499766871340	0.208512438051
63	-1.499751838011	-0.196423989149
64	-1.499751838011	0.196423989149
65	-1.499737742855	-0.184581865651
66	-1.499737742855	0.184581865651
67	-1.499724539096	-0.172964974263
68	-1.499724539096	0.172964974263
69	-1.499712189212	0.161553841220
70	-1.499712189212	-0.161553841220
71	-1.499700663639	-0.150330411193
72	-1.499700663639	0.150330411193
73	-1.499689939520	0.139277872866
74	-1.499689939520	-0.139277872866
75	-1.499679999760	0.128380506884
76	-1.499679999760	-0.128380506884
77	-1.499670832150	-0.117623552450
78	-1.499670832150	0.117623552450
79	-1.499662428468	-0.106993089291
80	-1.499662428468	0.106993089291
81	-1.499654783814	0.096475933176
82	-1.499654783814	-0.096475933176
83	-1.499647895859	0.086059542122
84	-1.499647895859	-0.086059542122
85	-1.499641764534	-0.075731932153
86	-1.499641764534	0.075731932153
87	-1.499636390954	0.065481600490
88	-1.499636390954	-0.065481600490
89	-1.499631777441	0.055297455648
90	-1.499631777441	-0.055297455648
91	-1.499627927015	-0.045168752848
92	-1.499627927015	0.045168752848
93	-1.499624842667	0.035085033593
94	-1.499624842667	-0.035085033593
95	-1.499622527389	-0.025036069533
96	-1.499622527389	0.025036069533
97	-1.499620986218	-0.015011810866
98	-1.499620986218	0.015011810866
99	-1.499620246903	-0.005002354266
100	-1.499620246903	0.005002354266
101	-1.200000000002	-0.000000000000
102	0.200000000002	0.000000000000
103	0.499620246903	-0.005002354266
104	0.499620246903	0.005002354266
105	0.499620986218	-0.015011810866
106	0.499620986218	0.015011810866
107	0.499622527389	-0.025036069533
108	0.499622527389	0.025036069533
109	0.499624842667	0.035085033593
110	0.499624842667	-0.035085033593
111	0.499627927015	-0.045168752848
112	0.499627927015	0.045168752848
113	0.499631777441	0.055297455648
114	0.499631777441	-0.055297455648
115	0.499636390954	0.065481600490
116	0.499636390954	-0.065481600490
117	0.499641764534	-0.075731932153
118	0.499641764534	0.075731932153
119	0.499647895859	0.086059542122
120	0.499647895859	-0.086059542122
121	0.499654783814	0.096475933176
122	0.499654783814	-0.096475933176
123	0.499662428468	-0.106993089291
124	0.499662428468	0.106993089291
125	0.499670832150	-0.117623552450
126	0.499670832150	0.117623552450
127	0.499679999760	0.128380506884
128	0.499679999760	-0.128380506884
129	0.499689939520	0.139277872866
130	0.499689939520	-0.139277872866
131	0.499700663639	-0.150330411193
132	0.499700663639	0.150330411193
133	0.499712189212	0.161553841220
134	0.499712189212	-0.161553841220
135	0.499724539096	-0.172964974263
136	0.499724539096	0.172964974263
137	0.499737742855	-0.184581865651
138	0.499737742855	0.184581865651
139	0.499751838011	-0.196423989149
140	0.499751838011	0.196423989149
141	0.499766871340	-0.208512438051
142	0.499766871340	0.208512438051
143	0.499782900489	-0.220870158468
144	0.499782900489	0.220870158468
145	0.499799995820	0.233522221722
146	0.499799995820	-0.233522221722
147	0.499818242691	0.246496144140
148	0.499818242691	-0.246496144140
149	0.499837744220	0.259822265065
150	0.499837744220	-0.259822265065
151	0.499858624685	0.273534196468
152	0.499858624685	-0.273534196468
153	0.499881033772	-0.287669361543
154	0.499881033772	0.287669361543
155	0.499905151907	-0.302269644605
156	0.499905151907	0.302269644605
157	0.499931197060	0.317382181401
158	0.499931197060	-0.317382181401
159	0.499959433453	0.333060328230
160	0.499959433453	-0.333060328230
161	0.499990183019	0.349364861066
162	0.499990183019	-0.349364861066
163	0.500023840337	0.366365473712
164	0.500023840337	-0.366365473712
165	0.500060892647	0.384142669605
166	0.500060892647	-0.384142669605
167	0.500101947045	0.402790178590
168	0.500101947045	-0.402790178590
169	0.500147767725	0.422418084162
170	0.500147767725	-0.422418084162
171	0.500199328246	0.443156927850
172	0.500199328246	-0.443156927850
173	0.500257886025	0.465163181904
174	0.500257886025	-0.465163181904
175	0.500325091236	0.488626677537
176	0.500325091236	-0.488626677537
177	0.500403149544	0.513780892375
178	0.500403149544	-0.513780892375
179	0.500495072861	0.540917528934
180	0.500495072861	-0.540917528934
181	0.500605078410	-0.570407729402
182	0.500605078410	0.570407729402
183	0.500739248613	0.602733917306
184	0.500739248613	-0.602733917306
185	0.500906674365	-0.638539372227
186	0.500906674365	0.638539372227
187	0.501121547419	0.678708887224
188	0.501121547419	-0.678708887224
189	0.501407260536	0.724507284240
190	0.501407260536	-0.724507284240
191	0.501805166905	0.777834039817
192	0.501805166905	-0.777834039817
193	0.502395535714	-0.841734705887
194	0.502395535714	0.841734705887
195	0.503356160235	0.921560020978
196	0.503356160235	-0.921560020978
197	0.505169247655	1.028100420155
198	0.505169247655	-1.028100420155
199	0.509709371867	-1.188923130066
200	0.509709371867	1.188923130066
201	0.535355457318	1.525307845523
202	0.535355457318	-1.525307845523



Source Data for Figure 14
(a):
Index	Real(z_j)	Imag(z_j)
1	-1.558693975938	1.533431850318
2	-1.558693975938	-1.533431850318
3	-1.520304351837	-1.196872199145
4	-1.520304351837	1.196872199145
5	-1.512671358361	-1.035068003634
6	-1.512671358361	1.035068003634
7	-1.509409914913	0.927892648721
8	-1.509409914913	-0.927892648721
9	-1.507590187707	0.847625130717
10	-1.507590187707	-0.847625130717
11	-1.506423423953	-0.783396282601
12	-1.506423423953	0.783396282601
13	-1.505608396748	-0.729814926047
14	-1.505608396748	0.729814926047
15	-1.505005001592	0.683812763889
16	-1.505005001592	-0.683812763889
17	-1.504539137370	-0.643476498472
18	-1.504539137370	0.643476498472
19	-1.504167877372	0.607532381905
20	-1.504167877372	-0.607532381905
21	-1.503864602264	-0.575089572697
22	-1.503864602264	0.575089572697
23	-1.503611907762	-0.545500531850
24	-1.503611907762	0.545500531850
25	-1.503397921654	-0.518279741157
26	-1.503397921654	0.518279741157
27	-1.503214258878	0.493053751827
28	-1.503214258878	-0.493053751827
29	-1.503054822668	-0.469529105654
30	-1.503054822668	0.469529105654
31	-1.502915069230	-0.447470965402
32	-1.502915069230	0.447470965402
33	-1.502791539318	0.426688432185
34	-1.502791539318	-0.426688432185
35	-1.502681549824	0.407024185957
36	-1.502681549824	-0.407024185957
37	-1.502582985115	0.388347006541
38	-1.502582985115	-0.388347006541
39	-1.502494152040	-0.370546264173
40	-1.502494152040	0.370546264173
41	-1.502413677108	0.353527788337
42	-1.502413677108	-0.353527788337
43	-1.502340432044	0.337210720651
44	-1.502340432044	-0.337210720651
45	-1.502273478632	0.321525083082
46	-1.502273478632	-0.321525083082
47	-1.502212027486	-0.306409874991
48	-1.502212027486	0.306409874991
49	-1.502155406335	-0.291811566460
50	-1.502155406335	0.291811566460
51	-1.502103035356	0.277682892840
52	-1.502103035356	-0.277682892840
53	-1.502054407349	-0.263981880933
54	-1.502054407349	0.263981880933
55	-1.502009071575	-0.250671055470
56	-1.502009071575	0.250671055470
57	-1.501966619987	0.237716787086
58	-1.501966619987	-0.237716787086
59	-1.501926674926	-0.225088752545
60	-1.501926674926	0.225088752545
61	-1.501888877723	0.212759485071
62	-1.501888877723	-0.212759485071
63	-1.501852877100	0.200703997059
64	-1.501852877100	-0.200703997059
65	-1.501818316923	-0.188899461799
66	-1.501818316923	0.188899461799
67	-1.501784822125	0.177324943646
68	-1.501784822125	-0.177324943646
69	-1.501751981503	-0.165961167732
70	-1.501751981503	0.165961167732
71	-1.501719325609	-0.154790322480
72	-1.501719325609	0.154790322480
73	-1.501686297565	0.143795888756
74	-1.501686297565	-0.143795888756
75	-1.501652212603	0.132962490107
76	-1.501652212603	-0.132962490107
77	-1.501616201267	-0.122275757990
78	-1.501616201267	0.122275757990
79	-1.501577127730	-0.111722204329
80	-1.501577127730	0.111722204329
81	-1.501533470288	-0.101289089133
82	-1.501533470288	0.101289089133
83	-1.501483145782	-0.090964261404
84	-1.501483145782	0.090964261404
85	-1.501423248630	-0.080735932523
86	-1.501423248630	0.080735932523
87	-1.501349667330	0.070592300218
88	-1.501349667330	-0.070592300218
89	-1.501256535686	0.060520852155
90	-1.501256535686	-0.060520852155
91	-1.501135508019	-0.050506986247
92	-1.501135508019	0.050506986247
93	-1.500975047101	0.040531148171
94	-1.500975047101	-0.040531148171
95	-1.500760804512	-0.030562679789
96	-1.500760804512	0.030562679789
97	-1.500482312527	0.020546740286
98	-1.500482312527	-0.020546740286
99	-1.500169393263	-0.010385349862
100	-1.500169393263	0.010385349862
101	-1.480000062997	-0.000000000000
102	0.480000062997	0.000000000000
103	0.500169393263	-0.010385349862
104	0.500169393263	0.010385349862
105	0.500482312527	0.020546740286
106	0.500482312527	-0.020546740286
107	0.500760804512	-0.030562679789
108	0.500760804512	0.030562679789
109	0.500975047101	0.040531148171
110	0.500975047101	-0.040531148171
111	0.501135508019	-0.050506986247
112	0.501135508019	0.050506986247
113	0.501256535686	0.060520852155
114	0.501256535686	-0.060520852155
115	0.501349667330	0.070592300218
116	0.501349667330	-0.070592300218
117	0.501423248630	-0.080735932523
118	0.501423248630	0.080735932523
119	0.501483145782	-0.090964261404
120	0.501483145782	0.090964261404
121	0.501533470288	-0.101289089133
122	0.501533470288	0.101289089133
123	0.501577127730	-0.111722204329
124	0.501577127730	0.111722204329
125	0.501616201267	-0.122275757990
126	0.501616201267	0.122275757990
127	0.501652212603	0.132962490107
128	0.501652212603	-0.132962490107
129	0.501686297565	0.143795888756
130	0.501686297565	-0.143795888756
131	0.501719325609	-0.154790322480
132	0.501719325609	0.154790322480
133	0.501751981503	-0.165961167732
134	0.501751981503	0.165961167732
135	0.501784822125	0.177324943646
136	0.501784822125	-0.177324943646
137	0.501818316923	-0.188899461799
138	0.501818316923	0.188899461799
139	0.501852877100	0.200703997059
140	0.501852877100	-0.200703997059
141	0.501888877723	0.212759485071
142	0.501888877723	-0.212759485071
143	0.501926674926	-0.225088752545
144	0.501926674926	0.225088752545
145	0.501966619987	0.237716787086
146	0.501966619987	-0.237716787086
147	0.502009071575	-0.250671055470
148	0.502009071575	0.250671055470
149	0.502054407349	-0.263981880933
150	0.502054407349	0.263981880933
151	0.502103035356	0.277682892840
152	0.502103035356	-0.277682892840
153	0.502155406335	-0.291811566460
154	0.502155406335	0.291811566460
155	0.502212027486	-0.306409874991
156	0.502212027486	0.306409874991
157	0.502273478632	0.321525083082
158	0.502273478632	-0.321525083082
159	0.502340432044	0.337210720651
160	0.502340432044	-0.337210720651
161	0.502413677108	0.353527788337
162	0.502413677108	-0.353527788337
163	0.502494152040	-0.370546264173
164	0.502494152040	0.370546264173
165	0.502582985115	0.388347006541
166	0.502582985115	-0.388347006541
167	0.502681549824	0.407024185957
168	0.502681549824	-0.407024185957
169	0.502791539318	0.426688432185
170	0.502791539318	-0.426688432185
171	0.502915069230	-0.447470965402
172	0.502915069230	0.447470965402
173	0.503054822668	-0.469529105654
174	0.503054822668	0.469529105654
175	0.503214258878	0.493053751827
176	0.503214258878	-0.493053751827
177	0.503397921654	-0.518279741157
178	0.503397921654	0.518279741157
179	0.503611907762	-0.545500531850
180	0.503611907762	0.545500531850
181	0.503864602264	-0.575089572697
182	0.503864602264	0.575089572697
183	0.504167877372	0.607532381905
184	0.504167877372	-0.607532381905
185	0.504539137370	-0.643476498472
186	0.504539137370	0.643476498472
187	0.505005001592	0.683812763889
188	0.505005001592	-0.683812763889
189	0.505608396748	-0.729814926047
190	0.505608396748	0.729814926047
191	0.506423423953	-0.783396282601
192	0.506423423953	0.783396282601
193	0.507590187707	0.847625130717
194	0.507590187707	-0.847625130717
195	0.509409914913	0.927892648721
196	0.509409914913	-0.927892648721
197	0.512671358361	-1.035068003634
198	0.512671358361	1.035068003634
199	0.520304351837	-1.196872199145
200	0.520304351837	1.196872199145
201	0.558693975938	1.533431850318
202	0.558693975938	-1.533431850318

(b):
Index	Real(z_j)	Imag(z_j)
1	-1.557560357283	-1.533262966565
2	-1.557560357283	1.533262966565
3	-1.519817905564	-1.196643593315
4	-1.519817905564	1.196643593315
5	-1.512341663168	-1.034864674014
6	-1.512341663168	1.034864674014
7	-1.509155412604	0.927715508275
8	-1.509155412604	-0.927715508275
9	-1.507379491565	-0.847459973849
10	-1.507379491565	0.847459973849
11	-1.506242480172	0.783239604020
12	-1.506242480172	-0.783239604020
13	-1.505449236570	-0.729665224581
14	-1.505449236570	0.729665224581
15	-1.504862676256	-0.683668563216
16	-1.504862676256	0.683668563216
17	-1.504410231304	0.643336963666
18	-1.504410231304	-0.643336963666
19	-1.504049863893	-0.607396334698
20	-1.504049863893	0.607396334698
21	-1.503755790063	-0.574956063161
22	-1.503755790063	0.574956063161
23	-1.503511053059	-0.545368849519
24	-1.503511053059	0.545368849519
25	-1.503304041037	-0.518149399954
26	-1.503304041037	0.518149399954
27	-1.503126581953	-0.492924304576
28	-1.503126581953	0.492924304576
29	-1.502972792985	-0.469400173144
30	-1.502972792985	0.469400173144
31	-1.502838206092	-0.447342287407
32	-1.502838206092	0.447342287407
33	-1.502719485817	0.426559660849
34	-1.502719485817	-0.426559660849
35	-1.502614035212	-0.406895006262
36	-1.502614035212	0.406895006262
37	-1.502519794729	-0.388217147770
38	-1.502519794729	0.388217147770
39	-1.502435139928	-0.370415441967
40	-1.502435139928	0.370415441967
41	-1.502358695152	-0.353395703717
42	-1.502358695152	0.353395703717
43	-1.502289418613	-0.337076963974
44	-1.502289418613	0.337076963974
45	-1.502226354618	-0.321389246540
46	-1.502226354618	0.321389246540
47	-1.502168785911	-0.306271544977
48	-1.502168785911	0.306271544977
49	-1.502116063928	-0.291670329390
50	-1.502116063928	0.291670329390
51	-1.502067545450	-0.277538444148
52	-1.502067545450	0.277538444148
53	-1.502022859887	0.263833810554
54	-1.502022859887	-0.263833810554
55	-1.501981588854	0.250518943030
56	-1.501981588854	-0.250518943030
57	-1.501943378697	-0.237560167855
58	-1.501943378697	0.237560167855
59	-1.501907868978	-0.224927182018
60	-1.501907868978	0.224927182018
61	-1.501874850589	0.212592559946
62	-1.501874850589	-0.212592559946
63	-1.501844085254	0.200531187472
64	-1.501844085254	-0.200531187472
65	-1.501815230687	-0.188720239630
66	-1.501815230687	0.188720239630
67	-1.501788139545	-0.177138797947
68	-1.501788139545	0.177138797947
69	-1.501762509384	0.165767550728
70	-1.501762509384	-0.165767550728
71	-1.501738117908	0.154588537163
72	-1.501738117908	-0.154588537163
73	-1.501714725465	-0.143585276956
74	-1.501714725465	0.143585276956
75	-1.501692105660	0.132742424637
76	-1.501692105660	-0.132742424637
77	-1.501669932282	-0.122045481159
78	-1.501669932282	0.122045481159
79	-1.501647685581	0.111481305102
80	-1.501647685581	-0.111481305102
81	-1.501624848595	0.101037733363
82	-1.501624848595	-0.101037733363
83	-1.501600210963	0.090702877530
84	-1.501600210963	-0.090702877530
85	-1.501572697413	0.080465883794
86	-1.501572697413	-0.080465883794
87	-1.501540449380	0.070317805464
88	-1.501540449380	-0.070317805464
89	-1.501499413929	-0.060249686468
90	-1.501499413929	0.060249686468
91	-1.501442697269	0.050254558113
92	-1.501442697269	-0.050254558113
93	-1.501356442825	0.040325821353
94	-1.501356442825	-0.040325821353
95	-1.501215008032	-0.030452579108
96	-1.501215008032	0.030452579108
97	-1.500966323242	0.020607737787
98	-1.500966323242	-0.020607737787
99	-1.500517296086	0.010699865454
100	-1.500517296086	-0.010699865454
101	-1.490085065165	-0.000000000000
102	0.490085065165	0.000000000000
103	0.500517296086	0.010699865454
104	0.500517296086	-0.010699865454
105	0.500966323242	0.020607737787
106	0.500966323242	-0.020607737787
107	0.501215008032	-0.030452579108
108	0.501215008032	0.030452579108
109	0.501356442825	0.040325821353
110	0.501356442825	-0.040325821353
111	0.501442697269	0.050254558113
112	0.501442697269	-0.050254558113
113	0.501499413929	-0.060249686468
114	0.501499413929	0.060249686468
115	0.501540449380	0.070317805464
116	0.501540449380	-0.070317805464
117	0.501572697413	0.080465883794
118	0.501572697413	-0.080465883794
119	0.501600210963	0.090702877530
120	0.501600210963	-0.090702877530
121	0.501624848595	0.101037733363
122	0.501624848595	-0.101037733363
123	0.501647685581	0.111481305102
124	0.501647685581	-0.111481305102
125	0.501669932282	-0.122045481159
126	0.501669932282	0.122045481159
127	0.501692105660	0.132742424637
128	0.501692105660	-0.132742424637
129	0.501714725465	-0.143585276956
130	0.501714725465	0.143585276956
131	0.501738117908	0.154588537163
132	0.501738117908	-0.154588537163
133	0.501762509384	0.165767550728
134	0.501762509384	-0.165767550728
135	0.501788139545	-0.177138797947
136	0.501788139545	0.177138797947
137	0.501815230687	-0.188720239630
138	0.501815230687	0.188720239630
139	0.501844085254	0.200531187472
140	0.501844085254	-0.200531187472
141	0.501874850589	0.212592559946
142	0.501874850589	-0.212592559946
143	0.501907868978	-0.224927182018
144	0.501907868978	0.224927182018
145	0.501943378697	-0.237560167855
146	0.501943378697	0.237560167855
147	0.501981588854	0.250518943030
148	0.501981588854	-0.250518943030
149	0.502022859887	0.263833810554
150	0.502022859887	-0.263833810554
151	0.502067545450	-0.277538444148
152	0.502067545450	0.277538444148
153	0.502116063928	-0.291670329390
154	0.502116063928	0.291670329390
155	0.502168785911	-0.306271544977
156	0.502168785911	0.306271544977
157	0.502226354618	-0.321389246540
158	0.502226354618	0.321389246540
159	0.502289418613	-0.337076963974
160	0.502289418613	0.337076963974
161	0.502358695152	-0.353395703717
162	0.502358695152	0.353395703717
163	0.502435139928	-0.370415441967
164	0.502435139928	0.370415441967
165	0.502519794729	-0.388217147770
166	0.502519794729	0.388217147770
167	0.502614035212	-0.406895006262
168	0.502614035212	0.406895006262
169	0.502719485817	0.426559660849
170	0.502719485817	-0.426559660849
171	0.502838206092	-0.447342287407
172	0.502838206092	0.447342287407
173	0.502972792985	-0.469400173144
174	0.502972792985	0.469400173144
175	0.503126581953	-0.492924304576
176	0.503126581953	0.492924304576
177	0.503304041037	-0.518149399954
178	0.503304041037	0.518149399954
179	0.503511053059	-0.545368849519
180	0.503511053059	0.545368849519
181	0.503755790063	-0.574956063161
182	0.503755790063	0.574956063161
183	0.504049863893	-0.607396334698
184	0.504049863893	0.607396334698
185	0.504410231304	0.643336963666
186	0.504410231304	-0.643336963666
187	0.504862676256	-0.683668563216
188	0.504862676256	0.683668563216
189	0.505449236570	-0.729665224581
190	0.505449236570	0.729665224581
191	0.506242480172	0.783239604020
192	0.506242480172	-0.783239604020
193	0.507379491565	-0.847459973849
194	0.507379491565	0.847459973849
195	0.509155412604	0.927715508275
196	0.509155412604	-0.927715508275
197	0.512341663168	-1.034864674014
198	0.512341663168	1.034864674014
199	0.519817905564	-1.196643593315
200	0.519817905564	1.196643593315
201	0.557560357283	-1.533262966565
202	0.557560357283	1.533262966565

(c):
Index	Real(z_j)	Imag(z_j)
1	-1.556443858896	-1.533103208317
2	-1.556443858896	1.533103208317
3	-1.519335897070	-1.196422387439
4	-1.519335897070	1.196422387439
5	-1.512016810601	1.034676274655
6	-1.512016810601	-1.034676274655
7	-1.508902506428	-0.927540838872
8	-1.508902506428	0.927540838872
9	-1.507170286042	-0.847300688227
10	-1.507170286042	0.847300688227
11	-1.506062484715	0.783091470957
12	-1.506062484715	-0.783091470957
13	-1.505290374066	0.729524695766
14	-1.505290374066	-0.729524695766
15	-1.504719902137	0.683533615752
16	-1.504719902137	-0.683533615752
17	-1.504280278806	-0.643205881091
18	-1.504280278806	0.643205881091
19	-1.503930552690	-0.607268353530
20	-1.503930552690	0.607268353530
21	-1.503645362514	-0.574830600159
22	-1.503645362514	0.574830600159
23	-1.503408147271	-0.545245364749
24	-1.503408147271	0.545245364749
25	-1.503207624025	-0.518027329618
26	-1.503207624025	0.518027329618
27	-1.503035834088	-0.492803190600
28	-1.503035834088	0.492803190600
29	-1.502886998591	-0.469279594527
30	-1.502886998591	0.469279594527
31	-1.502756817220	-0.447221780438
32	-1.502756817220	0.447221780438
33	-1.502642021883	-0.426438903952
34	-1.502642021883	0.426438903952
35	-1.502540083228	-0.406773682621
36	-1.502540083228	0.406773682621
37	-1.502449012189	-0.388094920113
38	-1.502449012189	0.388094920113
39	-1.502367222432	-0.370291999053
40	-1.502367222432	0.370291999053
41	-1.502293432947	-0.353270751308
42	-1.502293432947	0.353270751308
43	-1.502226597714	-0.336950311764
44	-1.502226597714	0.336950311764
45	-1.502165854050	-0.321260687109
46	-1.502165854050	0.321260687109
47	-1.502110484075	0.306140852918
48	-1.502110484075	-0.306140852918
49	-1.502059885564	0.291537246818
50	-1.502059885564	-0.291537246818
51	-1.502013549626	0.277402562582
52	-1.502013549626	-0.277402562582
53	-1.501971043392	0.263694775592
54	-1.501971043392	-0.263694775592
55	-1.501931996469	0.250376348197
56	-1.501931996469	-0.250376348197
57	-1.501896090221	0.237413576316
58	-1.501896090221	-0.237413576316
59	-1.501863049218	0.224776048008
60	-1.501863049218	-0.224776048008
61	-1.501832634355	-0.212436191529
62	-1.501832634355	0.212436191529
63	-1.501804637279	-0.200368895483
64	-1.501804637279	0.200368895483
65	-1.501778875843	0.188551187470
66	-1.501778875843	-0.188551187470
67	-1.501755190359	-0.176961960520
68	-1.501755190359	0.176961960520
69	-1.501733440524	-0.165581738779
70	-1.501733440524	0.165581738779
71	-1.501713502846	-0.154392475634
72	-1.501713502846	0.154392475634
73	-1.501695268514	-0.143377378784
74	-1.501695268514	0.143377378784
75	-1.501678641606	-0.132520757754
76	-1.501678641606	0.132520757754
77	-1.501663537584	0.121807890221
78	-1.501663537584	-0.121807890221
79	-1.501649882026	0.111224904121
80	-1.501649882026	-0.111224904121
81	-1.501637609560	-0.100758673036
82	-1.501637609560	0.100758673036
83	-1.501626662955	-0.090396722783
84	-1.501626662955	0.090396722783
85	-1.501616992367	-0.080127147437
86	-1.501616992367	0.080127147437
87	-1.501608554684	0.069938533300
88	-1.501608554684	-0.069938533300
89	-1.501601312993	0.059819889543
90	-1.501601312993	-0.059819889543
91	-1.501595236127	0.049760584431
92	-1.501595236127	-0.049760584431
93	-1.501590298300	-0.039750286152
94	-1.501590298300	0.039750286152
95	-1.501586478806	0.029778907439
96	-1.501586478806	-0.029778907439
97	-1.501583761744	0.019836553211
98	-1.501583761744	-0.019836553211
99	-1.501582135830	-0.009913470526
100	-1.501582135830	0.009913470526
101	-1.501581599871	0.000000000000
102	0.501581599871	-0.000000000000
103	0.501582135830	-0.009913470526
104	0.501582135830	0.009913470526
105	0.501583761744	0.019836553211
106	0.501583761744	-0.019836553211
107	0.501586478806	0.029778907439
108	0.501586478806	-0.029778907439
109	0.501590298300	-0.039750286152
110	0.501590298300	0.039750286152
111	0.501595236127	0.049760584431
112	0.501595236127	-0.049760584431
113	0.501601312993	0.059819889543
114	0.501601312993	-0.059819889543
115	0.501608554684	0.069938533300
116	0.501608554684	-0.069938533300
117	0.501616992367	-0.080127147437
118	0.501616992367	0.080127147437
119	0.501626662955	-0.090396722783
120	0.501626662955	0.090396722783
121	0.501637609560	-0.100758673036
122	0.501637609560	0.100758673036
123	0.501649882026	0.111224904121
124	0.501649882026	-0.111224904121
125	0.501663537584	0.121807890221
126	0.501663537584	-0.121807890221
127	0.501678641606	-0.132520757754
128	0.501678641606	0.132520757754
129	0.501695268514	-0.143377378784
130	0.501695268514	0.143377378784
131	0.501713502846	-0.154392475634
132	0.501713502846	0.154392475634
133	0.501733440524	-0.165581738779
134	0.501733440524	0.165581738779
135	0.501755190359	-0.176961960520
136	0.501755190359	0.176961960520
137	0.501778875843	0.188551187470
138	0.501778875843	-0.188551187470
139	0.501804637279	-0.200368895483
140	0.501804637279	0.200368895483
141	0.501832634355	-0.212436191529
142	0.501832634355	0.212436191529
143	0.501863049218	0.224776048008
144	0.501863049218	-0.224776048008
145	0.501896090221	0.237413576316
146	0.501896090221	-0.237413576316
147	0.501931996469	0.250376348197
148	0.501931996469	-0.250376348197
149	0.501971043392	0.263694775592
150	0.501971043392	-0.263694775592
151	0.502013549626	0.277402562582
152	0.502013549626	-0.277402562582
153	0.502059885564	0.291537246818
154	0.502059885564	-0.291537246818
155	0.502110484075	0.306140852918
156	0.502110484075	-0.306140852918
157	0.502165854050	-0.321260687109
158	0.502165854050	0.321260687109
159	0.502226597714	-0.336950311764
160	0.502226597714	0.336950311764
161	0.502293432947	-0.353270751308
162	0.502293432947	0.353270751308
163	0.502367222432	-0.370291999053
164	0.502367222432	0.370291999053
165	0.502449012189	-0.388094920113
166	0.502449012189	0.388094920113
167	0.502540083228	-0.406773682621
168	0.502540083228	0.406773682621
169	0.502642021883	-0.426438903952
170	0.502642021883	0.426438903952
171	0.502756817220	-0.447221780438
172	0.502756817220	0.447221780438
173	0.502886998591	-0.469279594527
174	0.502886998591	0.469279594527
175	0.503035834088	-0.492803190600
176	0.503035834088	0.492803190600
177	0.503207624025	-0.518027329618
178	0.503207624025	0.518027329618
179	0.503408147271	-0.545245364749
180	0.503408147271	0.545245364749
181	0.503645362514	-0.574830600159
182	0.503645362514	0.574830600159
183	0.503930552690	-0.607268353530
184	0.503930552690	0.607268353530
185	0.504280278806	-0.643205881091
186	0.504280278806	0.643205881091
187	0.504719902137	0.683533615752
188	0.504719902137	-0.683533615752
189	0.505290374066	0.729524695766
190	0.505290374066	-0.729524695766
191	0.506062484715	0.783091470957
192	0.506062484715	-0.783091470957
193	0.507170286042	-0.847300688227
194	0.507170286042	0.847300688227
195	0.508902506428	-0.927540838872
196	0.508902506428	0.927540838872
197	0.512016810601	1.034676274655
198	0.512016810601	-1.034676274655
199	0.519335897070	-1.196422387439
200	0.519335897070	1.196422387439
201	0.556443858896	-1.533103208317
202	0.556443858896	1.533103208317

(d):
Index	Real(z_j)	Imag(z_j)
1	-1.555342304740	-1.532949083977
2	-1.555342304740	1.532949083977
3	-1.526492289310	-0.000000000000
4	-1.518862077224	1.196211391188
5	-1.518862077224	-1.196211391188
6	-1.511695817120	1.034493844155
7	-1.511695817120	-1.034493844155
8	-1.508652808118	0.927377986843
9	-1.508652808118	-0.927377986843
10	-1.506962750575	-0.847151275705
11	-1.506962750575	0.847151275705
12	-1.505883169640	-0.782951722915
13	-1.505883169640	0.782951722915
14	-1.505131438788	-0.729392151595
15	-1.505131438788	0.729392151595
16	-1.504576457411	-0.683406572215
17	-1.504576457411	0.683406572215
18	-1.504149047776	-0.643083097412
19	-1.504149047776	0.643083097412
20	-1.503809218749	-0.607148886524
21	-1.503809218749	0.607148886524
22	-1.503532218896	0.574713706219
23	-1.503532218896	-0.574713706219
24	-1.503301894353	-0.545130438514
25	-1.503301894353	0.545130438514
26	-1.503107244980	0.517913863803
27	-1.503107244980	-0.517913863803
28	-1.502940514951	-0.492690748565
29	-1.502940514951	0.492690748565
30	-1.502796074811	-0.469167790992
31	-1.502796074811	0.469167790992
32	-1.502669736701	0.447110267356
33	-1.502669736701	-0.447110267356
34	-1.502558318695	0.426327359830
35	-1.502558318695	-0.426327359830
36	-1.502459358359	0.406661804144
37	-1.502459358359	-0.406661804144
38	-1.502370919150	-0.387982415392
39	-1.502370919150	0.387982415392
40	-1.502291456288	0.370178581843
41	-1.502291456288	-0.370178581843
42	-1.502219721691	0.353156135920
43	-1.502219721691	-0.353156135920
44	-1.502154695341	0.336834208350
45	-1.502154695341	-0.336834208350
46	-1.502095534860	0.321142797055
47	-1.502095534860	-0.321142797055
48	-1.502041537766	0.306020864229
49	-1.502041537766	-0.306020864229
50	-1.501992112920	-0.291414829304
51	-1.501992112920	0.291414829304
52	-1.501946758575	0.277277362519
53	-1.501946758575	-0.277277362519
54	-1.501905045128	-0.263566409783
55	-1.501905045128	0.263566409783
56	-1.501866601499	-0.250244397141
57	-1.501866601499	0.250244397141
58	-1.501831104209	0.237277576124
59	-1.501831104209	-0.237277576124
60	-1.501798268194	-0.224635480765
61	-1.501798268194	0.224635480765
62	-1.501767839067	-0.212290473526
63	-1.501767839067	0.212290473526
64	-1.501739586272	0.200217362662
65	-1.501739586272	-0.200217362662
66	-1.501713296579	0.188393077229
67	-1.501713296579	-0.188393077229
68	-1.501688767714	0.176796388579
69	-1.501688767714	-0.176796388579
70	-1.501665801149	0.165407669317
71	-1.501665801149	-0.165407669317
72	-1.501644193561	0.154208682397
73	-1.501644193561	-0.154208682397
74	-1.501623725705	-0.143182393362
75	-1.501623725705	0.143182393362
76	-1.501604146718	-0.132312799876
77	-1.501604146718	0.132312799876
78	-1.501585150640	-0.121584772202
79	-1.501585150640	0.121584772202
80	-1.501566339237	0.110983897463
81	-1.501566339237	-0.110983897463
82	-1.501547160261	0.100496318626
83	-1.501547160261	-0.100496318626
84	-1.501526799961	0.090108555299
85	-1.501526799961	-0.090108555299
86	-1.501503985623	0.079807288966
87	-1.501503985623	-0.079807288966
88	-1.501476603208	-0.069579088658
89	-1.501476603208	0.069579088658
90	-1.501440907770	0.059410058666
91	-1.501440907770	-0.059410058666
92	-1.501389775412	-0.049285477508
93	-1.501389775412	0.049285477508
94	-1.501308560120	0.039190014065
95	-1.501308560120	-0.039190014065
96	-1.501164871766	0.029111985718
97	-1.501164871766	-0.029111985718
98	-1.500887033718	-0.019070681841
99	-1.500887033718	0.019070681841
100	-1.500384179471	0.009242423440
101	-1.500384179471	-0.009242423440
102	0.500384179471	0.009242423440
103	0.500384179471	-0.009242423440
104	0.500887033718	-0.019070681841
105	0.500887033718	0.019070681841
106	0.501164871766	0.029111985718
107	0.501164871766	-0.029111985718
108	0.501308560120	0.039190014065
109	0.501308560120	-0.039190014065
110	0.501389775412	-0.049285477508
111	0.501389775412	0.049285477508
112	0.501440907770	0.059410058666
113	0.501440907770	-0.059410058666
114	0.501476603208	-0.069579088658
115	0.501476603208	0.069579088658
116	0.501503985623	0.079807288966
117	0.501503985623	-0.079807288966
118	0.501526799961	0.090108555299
119	0.501526799961	-0.090108555299
120	0.501547160261	0.100496318626
121	0.501547160261	-0.100496318626
122	0.501566339237	0.110983897463
123	0.501566339237	-0.110983897463
124	0.501585150640	-0.121584772202
125	0.501585150640	0.121584772202
126	0.501604146718	-0.132312799876
127	0.501604146718	0.132312799876
128	0.501623725705	-0.143182393362
129	0.501623725705	0.143182393362
130	0.501644193561	0.154208682397
131	0.501644193561	-0.154208682397
132	0.501665801149	0.165407669317
133	0.501665801149	-0.165407669317
134	0.501688767714	0.176796388579
135	0.501688767714	-0.176796388579
136	0.501713296579	0.188393077229
137	0.501713296579	-0.188393077229
138	0.501739586272	0.200217362662
139	0.501739586272	-0.200217362662
140	0.501767839067	-0.212290473526
141	0.501767839067	0.212290473526
142	0.501798268194	-0.224635480765
143	0.501798268194	0.224635480765
144	0.501831104209	0.237277576124
145	0.501831104209	-0.237277576124
146	0.501866601499	-0.250244397141
147	0.501866601499	0.250244397141
148	0.501905045128	-0.263566409783
149	0.501905045128	0.263566409783
150	0.501946758575	0.277277362519
151	0.501946758575	-0.277277362519
152	0.501992112920	-0.291414829304
153	0.501992112920	0.291414829304
154	0.502041537766	0.306020864229
155	0.502041537766	-0.306020864229
156	0.502095534860	0.321142797055
157	0.502095534860	-0.321142797055
158	0.502154695341	0.336834208350
159	0.502154695341	-0.336834208350
160	0.502219721691	0.353156135920
161	0.502219721691	-0.353156135920
162	0.502291456288	0.370178581843
163	0.502291456288	-0.370178581843
164	0.502370919150	-0.387982415392
165	0.502370919150	0.387982415392
166	0.502459358359	0.406661804144
167	0.502459358359	-0.406661804144
168	0.502558318695	0.426327359830
169	0.502558318695	-0.426327359830
170	0.502669736701	0.447110267356
171	0.502669736701	-0.447110267356
172	0.502796074811	-0.469167790992
173	0.502796074811	0.469167790992
174	0.502940514951	-0.492690748565
175	0.502940514951	0.492690748565
176	0.503107244980	0.517913863803
177	0.503107244980	-0.517913863803
178	0.503301894353	-0.545130438514
179	0.503301894353	0.545130438514
180	0.503532218896	0.574713706219
181	0.503532218896	-0.574713706219
182	0.503809218749	-0.607148886524
183	0.503809218749	0.607148886524
184	0.504149047776	-0.643083097412
185	0.504149047776	0.643083097412
186	0.504576457411	-0.683406572215
187	0.504576457411	0.683406572215
188	0.505131438788	-0.729392151595
189	0.505131438788	0.729392151595
190	0.505883169640	-0.782951722915
191	0.505883169640	0.782951722915
192	0.506962750575	-0.847151275705
193	0.506962750575	0.847151275705
194	0.508652808118	0.927377986843
195	0.508652808118	-0.927377986843
196	0.511695817120	1.034493844155
197	0.511695817120	-1.034493844155
198	0.518862077224	1.196211391188
199	0.518862077224	-1.196211391188
200	0.526492289310	0.000000000000
201	0.555342304740	-1.532949083977
202	0.555342304740	1.532949083977



Source Data for Figure 15
Index	Real(z_j)	Imag(z_j)
1	-1.523878893780	-1.388001515361
2	-1.523878893780	1.388001515361
3	-1.512191062830	-1.149304784214
4	-1.512191062830	1.149304784214
5	-1.506702345281	1.010344459869
6	-1.506702345281	-1.010344459869
7	-1.503965696294	0.912282695132
8	-1.503965696294	-0.912282695132
9	-1.502480748879	0.836646018181
10	-1.502480748879	-0.836646018181
11	-1.501613731231	0.775133466320
12	-1.501613731231	-0.775133466320
13	-1.501077539130	0.723303661542
14	-1.501077539130	-0.723303661542
15	-1.500730964188	0.678508803717
16	-1.500730964188	-0.678508803717
17	-1.500499237998	-0.639046650552
18	-1.500499237998	0.639046650552
19	-1.500340238443	-0.603759667461
20	-1.500340238443	0.603759667461
21	-1.500228983016	0.571825715924
22	-1.500228983016	-0.571825715924
23	-1.500150008018	-0.542640217885
24	-1.500150008018	0.542640217885
25	-1.500093393297	-0.515745766835
26	-1.500093393297	0.515745766835
27	-1.500052580130	0.490788010283
28	-1.500052580130	-0.490788010283
29	-1.500023119491	0.467486874559
30	-1.500023119491	-0.467486874559
31	-1.500001926347	-0.445617155990
32	-1.500001926347	0.445617155990
33	-1.499999930131	-0.009897062417
34	-1.499999930131	0.009897062417
35	-1.499999728206	0.019803582341
36	-1.499999728206	-0.019803582341
37	-1.499999391755	0.029729264513
38	-1.499999391755	-0.029729264513
39	-1.499998920879	-0.039683782315
40	-1.499998920879	0.039683782315
41	-1.499998315511	-0.049676960858
42	-1.499998315511	0.049676960858
43	-1.499997575608	0.059718816733
44	-1.499997575608	-0.059718816733
45	-1.499996701282	-0.069819608126
46	-1.499996701282	0.069819608126
47	-1.499995692934	-0.079989888839
48	-1.499995692934	0.079989888839
49	-1.499994551250	-0.090240566904
50	-1.499994551250	0.090240566904
51	-1.499993277102	0.100582967644
52	-1.499993277102	-0.100582967644
53	-1.499991872063	-0.111028901171
54	-1.499991872063	0.111028901171
55	-1.499990338327	0.121590737454
56	-1.499990338327	-0.121590737454
57	-1.499988678996	-0.132281488827
58	-1.499988678996	0.132281488827
59	-1.499986898447	-0.143114901606
60	-1.499986898447	0.143114901606
61	-1.499986820586	0.424995048785
62	-1.499986820586	-0.424995048785
63	-1.499985002498	0.154105558799
64	-1.499985002498	-0.154105558799
65	-1.499982998916	0.165268995643
66	-1.499982998916	-0.165268995643
67	-1.499980897974	0.176621830433
68	-1.499980897974	-0.176621830433
69	-1.499978713000	-0.188181913716
70	-1.499978713000	0.188181913716
71	-1.499976461267	0.199968499279
72	-1.499976461267	-0.199968499279
73	-1.499976236095	0.405468558942
74	-1.499976236095	-0.405468558942
75	-1.499974165163	-0.212002441148
76	-1.499974165163	0.212002441148
77	-1.499971853346	0.224306422158
78	-1.499971853346	-0.224306422158
79	-1.499969562539	0.236905220323
80	-1.499969562539	-0.236905220323
81	-1.499969031667	-0.386910533944
82	-1.499969031667	0.386910533944
83	-1.499967339699	0.249826021380
84	-1.499967339699	-0.249826021380
85	-1.499965244931	-0.263098787713
86	-1.499965244931	0.263098787713
87	-1.499964365277	0.369213496937
88	-1.499964365277	-0.369213496937
89	-1.499963355103	0.276756696591
90	-1.499963355103	-0.276756696591
91	-1.499961768737	0.290836664308
92	-1.499961768737	-0.290836664308
93	-1.499961608921	-0.352285752807
94	-1.499961608921	0.352285752807
95	-1.499960612386	0.305379977533
96	-1.499960612386	-0.305379977533
97	-1.499960289818	-0.336048408201
98	-1.499960289818	0.336048408201
99	-1.499960049090	0.320433059600
100	-1.499960049090	-0.320433059600
101	-0.500000000000	2.900194636277
102	-0.500000000000	-2.900194636277
103	0.499960049090	0.320433059600
104	0.499960049090	-0.320433059600
105	0.499960289818	-0.336048408201
106	0.499960289818	0.336048408201
107	0.499960612386	0.305379977533
108	0.499960612386	-0.305379977533
109	0.499961608921	-0.352285752807
110	0.499961608921	0.352285752807
111	0.499961768737	0.290836664308
112	0.499961768737	-0.290836664308
113	0.499963355103	0.276756696591
114	0.499963355103	-0.276756696591
115	0.499964365277	0.369213496937
116	0.499964365277	-0.369213496937
117	0.499965244931	-0.263098787713
118	0.499965244931	0.263098787713
119	0.499967339699	0.249826021380
120	0.499967339699	-0.249826021380
121	0.499969031667	-0.386910533944
122	0.499969031667	0.386910533944
123	0.499969562539	0.236905220323
124	0.499969562539	-0.236905220323
125	0.499971853346	0.224306422158
126	0.499971853346	-0.224306422158
127	0.499974165163	-0.212002441148
128	0.499974165163	0.212002441148
129	0.499976236095	0.405468558942
130	0.499976236095	-0.405468558942
131	0.499976461267	0.199968499279
132	0.499976461267	-0.199968499279
133	0.499978713000	-0.188181913716
134	0.499978713000	0.188181913716
135	0.499980897974	0.176621830433
136	0.499980897974	-0.176621830433
137	0.499982998916	0.165268995643
138	0.499982998916	-0.165268995643
139	0.499985002498	0.154105558799
140	0.499985002498	-0.154105558799
141	0.499986820586	0.424995048785
142	0.499986820586	-0.424995048785
143	0.499986898447	-0.143114901606
144	0.499986898447	0.143114901606
145	0.499988678996	-0.132281488827
146	0.499988678996	0.132281488827
147	0.499990338327	0.121590737454
148	0.499990338327	-0.121590737454
149	0.499991872063	-0.111028901171
150	0.499991872063	0.111028901171
151	0.499993277102	0.100582967644
152	0.499993277102	-0.100582967644
153	0.499994551250	-0.090240566904
154	0.499994551250	0.090240566904
155	0.499995692934	-0.079989888839
156	0.499995692934	0.079989888839
157	0.499996701282	-0.069819608126
158	0.499996701282	0.069819608126
159	0.499997575608	0.059718816733
160	0.499997575608	-0.059718816733
161	0.499998315511	-0.049676960858
162	0.499998315511	0.049676960858
163	0.499998920879	-0.039683782315
164	0.499998920879	0.039683782315
165	0.499999391755	0.029729264513
166	0.499999391755	-0.029729264513
167	0.499999728206	0.019803582341
168	0.499999728206	-0.019803582341
169	0.499999930131	-0.009897062417
170	0.499999930131	0.009897062417
171	0.500001926347	-0.445617155990
172	0.500001926347	0.445617155990
173	0.500023119491	0.467486874559
174	0.500023119491	-0.467486874559
175	0.500052580130	0.490788010283
176	0.500052580130	-0.490788010283
177	0.500093393297	-0.515745766835
178	0.500093393297	0.515745766835
179	0.500150008018	-0.542640217885
180	0.500150008018	0.542640217885
181	0.500228983016	0.571825715924
182	0.500228983016	-0.571825715924
183	0.500340238443	-0.603759667461
184	0.500340238443	0.603759667461
185	0.500499237998	-0.639046650552
186	0.500499237998	0.639046650552
187	0.500730964188	0.678508803717
188	0.500730964188	-0.678508803717
189	0.501077539130	0.723303661542
190	0.501077539130	-0.723303661542
191	0.501613731231	0.775133466320
192	0.501613731231	-0.775133466320
193	0.502480748879	0.836646018181
194	0.502480748879	-0.836646018181
195	0.503965696294	0.912282695132
196	0.503965696294	-0.912282695132
197	0.506702345281	1.010344459869
198	0.506702345281	-1.010344459869
199	0.512191062830	-1.149304784214
200	0.512191062830	1.149304784214
201	0.523878893780	-1.388001515361
202	0.523878893780	1.388001515361



Source Data for Figure 16
Index	Real(z_j)	Imag(z_j)
1	-1.500743573207	-0.892708018274
2	-1.500477624949	0.822566211403
3	-1.500466167895	-0.764222316573
4	-1.500377780216	0.982662806622
5	-1.500352257438	0.714715308923
6	-1.500337087140	0.764216038992
7	-1.500327558651	-0.714713524827
8	-1.500309688437	-0.671559317550
9	-1.500307142157	0.671559098582
10	-1.500263914247	0.633319540760
11	-1.500263794450	-0.633319529437
12	-1.500221411217	-0.598964930455
13	-1.500221409496	0.598964930290
14	-1.500182706652	0.567758096641
15	-1.500182706651	-0.567758096641
16	-1.500148735730	-0.539150301636
17	-1.500148735730	0.539150301636
18	-1.500119597286	-0.512722285918
19	-1.500119597286	0.512722285918
20	-1.500094985126	0.488146465291
21	-1.500094985126	-0.488146465291
22	-1.500081312886	-0.822558364466
23	-1.500074423240	-0.465161989146
24	-1.500074423240	0.465161989146
25	-1.500057390021	0.443557738727
26	-1.500057390021	-0.443557738727
27	-1.500043380230	-0.423160412832
28	-1.500043380230	0.423160412832
29	-1.500031933066	-0.403825976481
30	-1.500031933066	0.403825976481
31	-1.500026640897	0.892728932201
32	-1.500022642184	0.385433393702
33	-1.500022642184	-0.385433393702
34	-1.500015156414	0.367879948980
35	-1.500015156414	-0.367879948980
36	-1.500009176093	-0.351077697198
37	-1.500009176093	0.351077697198
38	-1.500004447530	-0.334950730255
39	-1.500004447530	0.334950730255
40	-1.500000757030	0.319433044676
41	-1.500000757030	-0.319433044676
42	-1.499999967431	-0.009878718306
43	-1.499999967431	0.009878718306
44	-1.499999875725	-0.019766827168
45	-1.499999875725	0.019766827168
46	-1.499999723959	-0.029673932653
47	-1.499999723959	0.029673932653
48	-1.499999513233	-0.039609629044
49	-1.499999513232	0.039609629044
50	-1.499999245134	-0.049583656034
51	-1.499999245134	0.049583656034
52	-1.499998921943	-0.059605940557
53	-1.499998921943	0.059605940557
54	-1.499998546291	-0.069686647336
55	-1.499998546290	0.069686647336
56	-1.499998121654	-0.079836230574
57	-1.499998121654	0.079836230574
58	-1.499997925140	0.304466858177
59	-1.499997925140	-0.304466858177
60	-1.499997652373	-0.090065491493
61	-1.499997652373	0.090065491493
62	-1.499997143697	-0.100385639700
63	-1.499997143696	0.100385639700
64	-1.499996601978	-0.110808359685
65	-1.499996601978	0.110808359685
66	-1.499996034779	-0.121345883875
67	-1.499996034779	0.121345883875
68	-1.499995801419	0.290001266244
69	-1.499995801419	-0.290001266244
70	-1.499995451175	-0.132011072754
71	-1.499995451175	0.132011072754
72	-1.499994862023	-0.142817504035
73	-1.499994862023	0.142817504035
74	-1.499994280254	-0.153779572409
75	-1.499994280254	0.153779572409
76	-1.499994259867	0.275991159357
77	-1.499994259867	-0.275991159357
78	-1.499993721270	-0.164912601576
79	-1.499993721270	0.164912601576
80	-1.499993203419	-0.176232970899
81	-1.499993203419	0.176232970899
82	-1.499993194990	-0.262396342307
83	-1.499993194990	0.262396342307
84	-1.499992748482	-0.187758259622
85	-1.499992748482	0.187758259622
86	-1.499992518410	-0.249180811855
87	-1.499992518410	0.249180811855
88	-1.499992382377	-0.199507411752
89	-1.499992382377	0.199507411752
90	-1.499992156091	-0.236312159546
91	-1.499992156091	0.236312159546
92	-1.499992135967	-0.211500925812
93	-1.499992135967	0.211500925812
94	-1.499992045969	-0.223761074383
95	-1.499992045969	0.223761074383
96	-1.499959885128	-1.104089271311
97	-1.499637509305	-0.982740864037
98	-1.499607073318	1.104172158569
99	-0.500122480011	1.678580062684
100	-0.500056911313	-4.607083296069
101	-0.500039745696	-1.292652140269
102	-0.499960254304	1.292652140269
103	-0.499943088687	4.607083296069
104	-0.499877519989	-1.678580062684
105	0.499607073318	-1.104172158569
106	0.499637509305	0.982740864037
107	0.499959885128	1.104089271311
108	0.499992045969	-0.223761074383
109	0.499992045969	0.223761074383
110	0.499992135967	-0.211500925812
111	0.499992135967	0.211500925812
112	0.499992156091	-0.236312159546
113	0.499992156091	0.236312159546
114	0.499992382377	-0.199507411752
115	0.499992382377	0.199507411752
116	0.499992518410	-0.249180811855
117	0.499992518410	0.249180811855
118	0.499992748482	-0.187758259622
119	0.499992748482	0.187758259622
120	0.499993194990	-0.262396342307
121	0.499993194990	0.262396342307
122	0.499993203419	-0.176232970899
123	0.499993203419	0.176232970899
124	0.499993721270	-0.164912601576
125	0.499993721270	0.164912601576
126	0.499994259867	0.275991159357
127	0.499994259867	-0.275991159357
128	0.499994280254	-0.153779572409
129	0.499994280254	0.153779572409
130	0.499994862023	-0.142817504035
131	0.499994862023	0.142817504035
132	0.499995451175	-0.132011072754
133	0.499995451175	0.132011072754
134	0.499995801419	0.290001266244
135	0.499995801419	-0.290001266244
136	0.499996034779	-0.121345883875
137	0.499996034779	0.121345883875
138	0.499996601978	-0.110808359685
139	0.499996601978	0.110808359685
140	0.499997143696	-0.100385639700
141	0.499997143697	0.100385639700
142	0.499997652373	-0.090065491493
143	0.499997652373	0.090065491493
144	0.499997925140	0.304466858177
145	0.499997925140	-0.304466858177
146	0.499998121654	-0.079836230574
147	0.499998121654	0.079836230574
148	0.499998546290	-0.069686647336
149	0.499998546291	0.069686647336
150	0.499998921943	-0.059605940557
151	0.499998921943	0.059605940557
152	0.499999245134	-0.049583656034
153	0.499999245134	0.049583656034
154	0.499999513232	-0.039609629044
155	0.499999513233	0.039609629044
156	0.499999723959	-0.029673932653
157	0.499999723959	0.029673932653
158	0.499999875725	-0.019766827168
159	0.499999875725	0.019766827168
160	0.499999967431	-0.009878718306
161	0.499999967431	0.009878718306
162	0.500000757030	0.319433044676
163	0.500000757030	-0.319433044676
164	0.500004447530	-0.334950730255
165	0.500004447530	0.334950730255
166	0.500009176093	-0.351077697198
167	0.500009176093	0.351077697198
168	0.500015156414	0.367879948980
169	0.500015156414	-0.367879948980
170	0.500022642184	0.385433393702
171	0.500022642184	-0.385433393702
172	0.500026640897	-0.892728932201
173	0.500031933066	-0.403825976481
174	0.500031933066	0.403825976481
175	0.500043380230	-0.423160412832
176	0.500043380230	0.423160412832
177	0.500057390021	0.443557738727
178	0.500057390021	-0.443557738727
179	0.500074423240	-0.465161989146
180	0.500074423240	0.465161989146
181	0.500081312886	0.822558364466
182	0.500094985126	0.488146465291
183	0.500094985126	-0.488146465291
184	0.500119597286	-0.512722285918
185	0.500119597286	0.512722285918
186	0.500148735730	-0.539150301636
187	0.500148735730	0.539150301636
188	0.500182706651	0.567758096641
189	0.500182706652	-0.567758096641
190	0.500221409496	-0.598964930290
191	0.500221411217	0.598964930455
192	0.500263794450	0.633319529437
193	0.500263914247	-0.633319540760
194	0.500307142157	-0.671559098582
195	0.500309688437	0.671559317550
196	0.500327558651	0.714713524827
197	0.500337087140	-0.764216038992
198	0.500352257438	-0.714715308923
199	0.500377780216	-0.982662806622
200	0.500466167895	0.764222316573
201	0.500477624949	-0.822566211403
202	0.500743573207	0.892708018274



Source Data for Figure 17
Index	Real(z_j)	Imag(z_j)
1	-2.003843200990	-0.888773683798
2	-2.003843200990	0.888773683798
3	-1.500921304637	0.925233193597
4	-1.500921304637	-0.925233193597
5	-1.500883213116	1.031932613424
6	-1.500883213116	-1.031932613424
7	-1.500742091816	-0.845184961723
8	-1.500742091816	0.845184961723
9	-1.500545648698	0.781144482262
10	-1.500545648698	-0.781144482262
11	-1.500381490197	0.727743753941
12	-1.500381490197	-0.727743753941
13	-1.500255195862	0.681911443733
14	-1.500255195862	-0.681911443733
15	-1.500161169331	-0.641730828107
16	-1.500161169331	0.641730828107
17	-1.500092239412	0.605926967448
18	-1.500092239412	-0.605926967448
19	-1.500042189196	0.573609367168
20	-1.500042189196	-0.573609367168
21	-1.500006172788	-0.544131596025
22	-1.500006172788	0.544131596025
23	-1.499999921127	0.009903402621
24	-1.499999921127	-0.009903402621
25	-1.499999692535	-0.019816290378
26	-1.499999692535	0.019816290378
27	-1.499999311439	0.029748401887
28	-1.499999311439	-0.029748401887
29	-1.499998777185	-0.039709441671
30	-1.499998777185	0.039709441671
31	-1.499998088936	0.049709267408
32	-1.499998088936	-0.049709267408
33	-1.499997245756	0.059757928998
34	-1.499997245756	-0.059757928998
35	-1.499996246468	-0.069865720397
36	-1.499996246468	0.069865720397
37	-1.499995089808	0.080043234012
38	-1.499995089808	-0.080043234012
39	-1.499993774451	-0.090301419314
40	-1.499993774451	0.090301419314
41	-1.499992298987	-0.100651646263
42	-1.499992298987	0.100651646263
43	-1.499990662137	-0.111105774094
44	-1.499990662137	0.111105774094
45	-1.499988862902	0.121676226853
46	-1.499988862902	-0.121676226853
47	-1.499986900482	-0.132376077044
48	-1.499986900482	0.132376077044
49	-1.499984774593	-0.143219138306
50	-1.499984774593	0.143219138306
51	-1.499982485563	0.154220069412
52	-1.499982485563	-0.154220069412
53	-1.499980556086	0.517009524206
54	-1.499980556086	-0.517009524206
55	-1.499980034708	-0.165394491275
56	-1.499980034708	0.165394491275
57	-1.499977424615	-0.176759119817
58	-1.499977424615	0.176759119817
59	-1.499974659468	-0.188331917441
60	-1.499974659468	0.188331917441
61	-1.499971745621	0.200132266773
62	-1.499971745621	-0.200132266773
63	-1.499968692239	0.212181171165
64	-1.499968692239	-0.212181171165
65	-1.499965512108	0.224501487417
66	-1.499965512108	-0.224501487417
67	-1.499962650897	0.491871120034
68	-1.499962650897	-0.491871120034
69	-1.499962222632	0.237118197484
70	-1.499962222632	-0.237118197484
71	-1.499958847228	-0.250058727644
72	-1.499958847228	0.250058727644
73	-1.499955416999	0.263353325778
74	-1.499955416999	-0.263353325778
75	-1.499951972940	-0.277035510277
76	-1.499951972940	0.277035510277
77	-1.499950474488	-0.468424252786
78	-1.499950474488	0.468424252786
79	-1.499948568783	-0.291142607925
80	-1.499948568783	0.291142607925
81	-1.499945274713	-0.305716403032
82	-1.499945274713	0.305716403032
83	-1.499942561319	-0.446435276395
84	-1.499942561319	0.446435276395
85	-1.499942182221	0.320803927071
86	-1.499942182221	-0.320803927071
87	-1.499939410533	0.336458427294
88	-1.499939410533	-0.336458427294
89	-1.499937823333	0.425714335839
90	-1.499937823333	-0.425714335839
91	-1.499937115038	0.352740565619
92	-1.499937115038	-0.352740565619
93	-1.499935498605	0.369719917203
94	-1.499935498605	-0.369719917203
95	-1.499935448358	0.406105013635
96	-1.499935448358	-0.406105013635
97	-1.499934826782	-0.387476863739
98	-1.499934826782	0.387476863739
99	-0.500000000000	3.303827124404
100	-0.500000000000	1.191176945876
101	-0.500000000000	-1.496856401848
102	-0.500000000000	1.496856401848
103	-0.500000000000	-1.191176945876
104	-0.500000000000	-3.303827124404
105	0.499934826782	-0.387476863739
106	0.499934826782	0.387476863739
107	0.499935448358	0.406105013635
108	0.499935448358	-0.406105013635
109	0.499935498605	0.369719917203
110	0.499935498605	-0.369719917203
111	0.499937115038	0.352740565619
112	0.499937115038	-0.352740565619
113	0.499937823333	0.425714335839
114	0.499937823333	-0.425714335839
115	0.499939410533	0.336458427294
116	0.499939410533	-0.336458427294
117	0.499942182221	0.320803927071
118	0.499942182221	-0.320803927071
119	0.499942561319	-0.446435276395
120	0.499942561319	0.446435276395
121	0.499945274713	-0.305716403032
122	0.499945274713	0.305716403032
123	0.499948568783	-0.291142607925
124	0.499948568783	0.291142607925
125	0.499950474488	-0.468424252786
126	0.499950474488	0.468424252786
127	0.499951972940	-0.277035510277
128	0.499951972940	0.277035510277
129	0.499955416999	0.263353325778
130	0.499955416999	-0.263353325778
131	0.499958847228	-0.250058727644
132	0.499958847228	0.250058727644
133	0.499962222632	0.237118197484
134	0.499962222632	-0.237118197484
135	0.499962650897	0.491871120034
136	0.499962650897	-0.491871120034
137	0.499965512108	0.224501487417
138	0.499965512108	-0.224501487417
139	0.499968692239	0.212181171165
140	0.499968692239	-0.212181171165
141	0.499971745621	0.200132266773
142	0.499971745621	-0.200132266773
143	0.499974659468	-0.188331917441
144	0.499974659468	0.188331917441
145	0.499977424615	-0.176759119817
146	0.499977424615	0.176759119817
147	0.499980034708	-0.165394491275
148	0.499980034708	0.165394491275
149	0.499980556086	0.517009524206
150	0.499980556086	-0.517009524206
151	0.499982485563	0.154220069412
152	0.499982485563	-0.154220069412
153	0.499984774593	-0.143219138306
154	0.499984774593	0.143219138306
155	0.499986900482	-0.132376077044
156	0.499986900482	0.132376077044
157	0.499988862902	0.121676226853
158	0.499988862902	-0.121676226853
159	0.499990662137	-0.111105774094
160	0.499990662137	0.111105774094
161	0.499992298987	-0.100651646263
162	0.499992298987	0.100651646263
163	0.499993774451	-0.090301419314
164	0.499993774451	0.090301419314
165	0.499995089808	0.080043234012
166	0.499995089808	-0.080043234012
167	0.499996246468	-0.069865720397
168	0.499996246468	0.069865720397
169	0.499997245756	0.059757928998
170	0.499997245756	-0.059757928998
171	0.499998088936	0.049709267408
172	0.499998088936	-0.049709267408
173	0.499998777185	-0.039709441671
174	0.499998777185	0.039709441671
175	0.499999311439	0.029748401887
176	0.499999311439	-0.029748401887
177	0.499999692535	-0.019816290378
178	0.499999692535	0.019816290378
179	0.499999921127	0.009903402621
180	0.499999921127	-0.009903402621
181	0.500006172788	-0.544131596025
182	0.500006172788	0.544131596025
183	0.500042189196	0.573609367168
184	0.500042189196	-0.573609367168
185	0.500092239412	0.605926967448
186	0.500092239412	-0.605926967448
187	0.500161169331	-0.641730828107
188	0.500161169331	0.641730828107
189	0.500255195862	0.681911443733
190	0.500255195862	-0.681911443733
191	0.500381490197	0.727743753941
192	0.500381490197	-0.727743753941
193	0.500545648698	0.781144482262
194	0.500545648698	-0.781144482262
195	0.500742091816	-0.845184961723
196	0.500742091816	0.845184961723
197	0.500883213116	1.031932613424
198	0.500883213116	-1.031932613424
199	0.500921304637	0.925233193597
200	0.500921304637	-0.925233193597
201	1.003843200990	-0.888773683798
202	1.003843200990	0.888773683798



Source Data for Figure 18
red:
Index	Real(lambda_j)	Imag(lambda_j)
1	-0.500000000000	0.028586952615
2	-0.500000000000	0.097203101883
3	-0.500000000000	-0.097203101883
4	-0.500000000000	0.117687634870
5	-0.500000000000	-0.077178232631
6	-0.500000000000	0.077178232631
7	-0.500000000000	-0.117687634870
8	-0.500000000000	-0.057530688664
9	-0.500000000000	0.138721051656
10	-0.500000000000	-0.138721051656
11	-0.500000000000	-0.038178937942
12	-0.500000000000	0.160404129384
13	-0.500000000000	0.047823100250
14	-0.500000000000	0.057530688664
15	-0.500000000000	-0.160404129384
16	-0.500000000000	0.182853292602
17	-0.500000000000	0.206205017820
18	-0.500000000000	-0.194406882501
19	-0.500000000000	-0.218268788716
20	-0.500000000000	0.230621317744
21	-0.500000000000	0.327703600948
22	-0.500000000000	-0.377348169128
23	-0.500000000000	-0.243288044985
24	-0.500000000000	-0.269679528882
25	-0.500000000000	0.283470122026
26	-0.500000000000	-0.297707644127
27	-0.500000000000	-0.312435708969
28	-0.500000000000	0.964326492501
29	-0.500000000000	0.875660731274
30	-0.500000000000	1.086858186188
31	-0.500000000000	-0.019035123179
32	-0.500000000000	0.019035123179
33	-0.500000000000	-0.009510632361
34	-0.500000000000	-0.067312327282
35	-0.500000000000	0.149474521209
36	-0.500000000000	-0.256297065210
37	-0.500000000000	0.256297065210
38	-0.500000000000	0.343567329990
39	-0.500000000000	-0.343567329990
40	-0.500000000000	0.414419920863
41	-0.500000000000	-0.434452300520
42	-0.500000000000	0.434452300520
43	-0.500000000000	-0.455662100733
44	-0.500000000000	0.455662100733
45	-0.500000000000	0.478218512093
46	-0.500000000000	-0.478218512093
47	-0.500000000000	0.502327923873
48	-0.500000000000	-0.502327923873
49	-0.500000000000	-0.528245738859
50	-0.500000000000	-0.700349475190
51	-0.500000000000	0.700349475190
52	-0.500000000000	-0.748966478817
53	-0.500000000000	0.748966478817
54	-0.500000000000	0.806156366091
55	-0.500000000000	-1.086858186188
56	-0.500000000000	-1.285380718440
57	-0.500000000000	1.285380718440
58	-0.500000000000	-0.964326492501
59	-0.500000000000	-0.875660731274
60	-0.500000000000	-0.806156366091
61	-0.500000000000	0.658038020112
62	-0.500000000000	-0.658038020112
63	-0.500000000000	-0.620554542428
64	-0.500000000000	0.586882644717
65	-0.500000000000	-0.586882644717
66	-0.500000000000	0.556293276961
67	-0.500000000000	-0.556293276961
68	-0.500000000000	0.528245738859
69	-0.500000000000	-0.414419920863
70	-0.500000000000	-0.395424510099
71	-0.500000000000	0.395424510099
72	-0.500000000000	0.377348169128
73	-0.500000000000	0.360090942842
74	-0.500000000000	-0.087138453680
75	-0.500000000000	0.067312327282
76	-0.500000000000	0.009510632361
77	-0.500000000000	0.620554542428
78	-0.500000000000	-0.327703600948
79	-0.500000000000	0.312435708969
80	-0.500000000000	0.297707644127
81	-0.500000000000	-0.283470122026
82	-0.500000000000	0.269679528882
83	-0.500000000000	-0.360090942842
84	-0.500000000000	0.243288044985
85	-0.500000000000	-0.230621317744
86	-0.500000000000	-0.182853292602
87	-0.500000000000	0.218268788716
88	-0.500000000000	-0.206205017820
89	-0.500000000000	0.194406882501
90	-0.500000000000	-0.171524947733
91	-0.500000000000	0.171524947733
92	-0.500000000000	-0.028586952615
93	-0.500000000000	0.038178937942
94	-0.500000000000	-0.149474521209
95	-0.500000000000	-0.047823100250
96	-0.500000000000	-0.128129753517
97	-0.500000000000	0.128129753517
98	-0.500000000000	-0.107382555473
99	-0.500000000000	0.087138453680
100	-0.500000000000	0.107382555473

blue:  
Index	Real(lambda_j)	Imag(lambda_j)
1	-0.500000000034	0.875660731238
2	-0.500000000014	0.620554542411
3	-0.500000000013	-0.528245738855
4	-0.500000000012	-0.502327923880
5	-0.500000000011	0.586882644735
6	-0.500000000011	0.434452300512
7	-0.500000000009	0.806156366086
8	-0.500000000008	0.455662100726
9	-0.500000000006	-0.964326492514
10	-0.500000000006	-0.748966478820
11	-0.500000000004	-1.086858186182
12	-0.500000000004	0.658038020117
13	-0.500000000003	-0.556293276959
14	-0.500000000002	-1.285380718442
15	-0.500000000001	0.700349475184
16	-0.500000000001	-0.478218512091
17	-0.500000000000	-0.395424510099
18	-0.500000000000	-0.377348169128
19	-0.500000000000	-0.360090942842
20	-0.500000000000	-0.343567329991
21	-0.500000000000	-0.327703600948
22	-0.500000000000	-0.312435708969
23	-0.500000000000	-0.297707644127
24	-0.500000000000	-0.283470122026
25	-0.500000000000	-0.269679528882
26	-0.500000000000	-0.256297065210
27	-0.500000000000	-0.243288044985
28	-0.500000000000	-0.230621317744
29	-0.500000000000	-0.218268788716
30	-0.500000000000	-0.206205017820
31	-0.500000000000	-0.194406882501
32	-0.500000000000	-0.182853292602
33	-0.500000000000	-0.171524947733
34	-0.500000000000	-0.160404129384
35	-0.500000000000	-0.149474521209
36	-0.500000000000	-0.138721051657
37	-0.500000000000	-0.128129753517
38	-0.500000000000	0.414419920867
39	-0.500000000000	-0.117687634870
40	-0.500000000000	-0.107382555473
41	-0.500000000000	-0.097203101883
42	-0.500000000000	-0.087138453680
43	-0.500000000000	-0.077178232631
44	-0.500000000000	-0.067312327282
45	-0.500000000000	-0.057530688664
46	-0.500000000000	-0.047823100250
47	-0.500000000000	-0.038178937942
48	-0.500000000000	-0.028586952615
49	-0.500000000000	-0.019035123179
50	-0.500000000000	-0.009510632361
51	-0.500000000000	0.009510632361
52	-0.500000000000	0.019035123179
53	-0.500000000000	0.028586952615
54	-0.500000000000	0.038178937942
55	-0.500000000000	0.047823100250
56	-0.500000000000	0.057530688664
57	-0.500000000000	0.067312327282
58	-0.500000000000	0.077178232631
59	-0.500000000000	0.087138453680
60	-0.500000000000	0.097203101883
61	-0.500000000000	0.107382555473
62	-0.500000000000	0.117687634870
63	-0.500000000000	-0.414419920867
64	-0.500000000000	0.128129753517
65	-0.500000000000	0.138721051657
66	-0.500000000000	0.149474521209
67	-0.500000000000	0.160404129384
68	-0.500000000000	0.171524947733
69	-0.500000000000	0.182853292602
70	-0.500000000000	0.194406882501
71	-0.500000000000	0.206205017820
72	-0.500000000000	0.218268788716
73	-0.500000000000	0.230621317744
74	-0.500000000000	0.243288044985
75	-0.500000000000	0.256297065210
76	-0.500000000000	0.269679528882
77	-0.500000000000	0.283470122026
78	-0.500000000000	0.297707644127
79	-0.500000000000	0.312435708969
80	-0.500000000000	0.327703600948
81	-0.500000000000	0.343567329991
82	-0.500000000000	0.360090942842
83	-0.500000000000	0.377348169128
84	-0.500000000000	0.395424510099
85	-0.499999999999	0.478218512091
86	-0.499999999999	-0.700349475184
87	-0.499999999998	1.285380718442
88	-0.499999999997	0.556293276959
89	-0.499999999996	-0.658038020117
90	-0.499999999996	1.086858186182
91	-0.499999999994	0.748966478820
92	-0.499999999994	0.964326492514
93	-0.499999999992	-0.455662100726
94	-0.499999999991	-0.806156366086
95	-0.499999999989	-0.434452300512
96	-0.499999999989	-0.586882644735
97	-0.499999999988	0.502327923880
98	-0.499999999987	0.528245738855
99	-0.499999999986	-0.620554542411
100	-0.499999999966	-0.875660731238



Source Data for Figure 19 and Table D.1
Index	Real(lambda_j)		Imag(lambda_j)		epsilon_j
1	-31.1446156423028775	-14.7965725453649206	9.116e-14
2	-31.1446156423026785	14.7965725453651107	7.890e-14
3	-31.1121965369405586	-18.7766800279121107	7.915e-14
4	-31.1121965369402744	18.7766800279122421	9.223e-14
5	-30.9198209099740140	-11.2191369792878319	2.310e-14
6	-30.9198209099738719	11.2191369792880487	3.635e-14
7	-30.7502266206089132	-23.2575792941639818	1.953e-14
8	-30.7502266206086858	23.2575792941640493	2.579e-14
9	-30.4881990800943505	-7.9770706560502527	6.667e-14
10	-30.4881990800942688	7.9770706560504454	1.187e-13
11	-29.9481021517954424	-28.3924428210070445	9.825e-15
12	-29.9481021517952009	28.3924428210070765	3.981e-14
13	-29.8864553286501220	-5.0218487293887204	1.073e-13
14	-29.8864553286500083	5.0218487293889007	6.955e-14
15	-29.1398296141751274	-2.3241303778903890	4.638e-14
16	-29.1398296141750528	2.3241303778905946	6.465e-14
17	-28.5545378345147896	0.0000000000001053	2.328e-14
18	-28.5207150810533037	-34.4455727791949187	1.048e-14
19	-28.5207150810531012	34.4455727791949400	1.403e-14
20	-26.1107497590830917	-41.9531362701105692	3.181e-15
21	-26.1107497590828821	41.9531362701105124	1.666e-14
22	-26.0484347809020846	0.0000000000001638	3.393e-15
23	-22.4470123572345699	0.0000000000001460	6.397e-15
24	-21.8138177669619893	52.4083065115725049	3.707e-14
25	-21.8138177669621207	-52.4083065115724906	8.752e-15
26	-18.8428782899300096	0.0000000000001282	5.174e-15
27	-15.2300136488844622	0.0000000000001073	6.089e-15
28	-11.6000778134918558	0.0000000000000842	4.699e-15
29	-7.9291439513302979	0.0000000000000570	6.077e-15
30	-4.1104471023195828	0.0000000000000258	1.154e-14
31	-0.5000000000000002	0.4897941556864582	3.708e-14
32	-0.5000000000000218	-2.2575092853124419	3.133e-14
33	-0.5000000000000002	0.5328668128698998	4.565e-14
34	-0.5000000000000000	0.3852049749550474	1.287e-14
35	-0.4999999999999999	-0.4514616060666452	2.768e-14
36	-0.5000000000000000	0.4168436592608959	8.428e-15
37	-0.5000000000000001	-1.1297422089002436	1.105e-14
38	-0.4999999999999998	-0.9240971928172551	1.586e-14
39	-0.4999999999999999	-0.7997464185400411	5.480e-15
40	-0.4999999999999999	-0.6400088998757980	3.118e-14
41	-0.5000000000000001	-0.5821725344845270	3.113e-14
42	-0.5000000000000002	-0.7101869900295184	3.507e-14
43	-0.5000000000000000	-0.3559998288879291	8.967e-15
44	-0.5000000000000000	-0.3288115991246061	2.101e-14
45	-0.5000000000000000	-0.3033145579798743	3.449e-15
46	-0.5000000000000000	-0.2792487723783211	1.107e-14
47	-0.5000000000000000	-0.2564030554296224	9.771e-15
48	-0.4999999999999999	-0.2346030502916976	1.529e-14
49	-0.5000000000000000	-0.2137026909316591	1.963e-15
50	-0.4999999999999999	-0.1935779461780248	1.557e-14
51	-0.5000000000000000	-0.1741221444611151	8.675e-15
52	-0.5000000000000000	-0.1552424154212793	1.391e-14
53	-0.5000000000000000	-0.1368569346675031	1.305e-15
54	-0.5000000000000000	-0.1188927547550130	1.259e-14
55	-0.5000000000000000	-0.1012840692651649	1.452e-15
56	-0.5000000000000000	-0.0839707997688026	5.486e-15
57	-0.4999999999999999	-0.0668974247660786	1.517e-14
58	-0.4999999999999999	-0.0500119899825411	1.798e-14
59	-0.5000000000000000	-0.0332652535569321	1.773e-14
60	-0.5000000000000000	-0.0166099295451636	1.627e-14
61	-0.5000000000000000	0.0166099295451636	1.627e-14
62	-0.5000000000000000	0.0332652535569321	1.773e-14
63	-0.5000000000000000	0.0500119899825411	1.798e-14
64	-0.5000000000000000	0.0668974247660786	1.517e-14
65	-0.5000000000000000	0.0839707997688026	5.486e-15
66	-0.5000000000000000	0.1012840692651649	1.452e-15
67	-0.5000000000000000	0.1188927547550130	1.259e-14
68	-0.5000000000000000	0.1368569346675031	1.305e-15
69	-0.5000000000000000	0.1552424154212793	1.391e-14
70	-0.5000000000000000	0.1741221444611151	8.675e-15
71	-0.5000000000000000	0.1935779461780248	1.557e-14
72	-0.5000000000000000	0.2137026909316591	1.963e-15
73	-0.5000000000000000	0.2346030502916976	1.529e-14
74	-0.5000000000000000	0.2564030554296224	9.771e-15
75	-0.5000000000000000	0.2792487723783211	1.107e-14
76	-0.5000000000000000	0.3033145579798743	3.449e-15
77	-0.5000000000000000	0.3288115991246061	2.101e-14
78	-0.5000000000000000	0.3559998288879291	8.967e-15
79	-0.4999999999999998	0.7101869900295184	3.507e-14
80	-0.4999999999999999	0.5821725344845270	3.113e-14
81	-0.5000000000000000	0.6400088998757980	3.118e-14
82	-0.5000000000000001	0.7997464185400411	5.480e-15
83	-0.5000000000000002	0.9240971928172551	1.586e-14
84	-0.4999999999999999	1.1297422089002436	1.105e-14
85	-0.5000000000000000	-0.4168436592608959	8.428e-15
86	-0.5000000000000001	0.4514616060666452	2.768e-14
87	-0.5000000000000000	-0.3852049749550474	1.287e-14
88	-0.4999999999999998	-0.5328668128698998	4.565e-14
89	-0.4999999999999782	2.2575092853124419	3.133e-14
90	-0.4999999999999998	-0.4897941556864582	3.708e-14
91	3.1104471023195828	-0.0000000000000258	1.154e-14
92	6.9291439513302979	-0.0000000000000570	6.077e-15
93	10.6000778134918558	-0.0000000000000842	4.699e-15
94	14.2300136488844622	-0.0000000000001073	6.089e-15
95	17.8428782899300096	-0.0000000000001282	5.174e-15
96	20.8138177669621207	52.4083065115724906	8.752e-15
97	20.8138177669619893	-52.4083065115725049	3.707e-14
98	21.4470123572345699	-0.0000000000001460	6.397e-15
99	25.0484347809020846	-0.0000000000001638	3.393e-15
100	25.1107497590828821	-41.9531362701105124	1.666e-14
101	25.1107497590830917	41.9531362701105692	3.181e-15
102	27.5207150810531012	-34.4455727791949400	1.403e-14
103	27.5207150810533037	34.4455727791949187	1.048e-14
104	27.5545378345147896	-0.0000000000001053	2.328e-14
105	28.1398296141750528	-2.3241303778905946	6.465e-14
106	28.1398296141751274	2.3241303778903890	4.638e-14
107	28.8864553286500083	-5.0218487293889007	6.955e-14
108	28.8864553286501220	5.0218487293887204	1.073e-13
109	28.9481021517952009	-28.3924428210070765	3.981e-14
110	28.9481021517954424	28.3924428210070445	9.825e-15
111	29.4881990800942688	-7.9770706560504454	1.187e-13
112	29.4881990800943505	7.9770706560502527	6.667e-14
113	29.7502266206086858	-23.2575792941640493	2.579e-14
114	29.7502266206089132	23.2575792941639818	1.953e-14
115	29.9198209099738719	-11.2191369792880487	3.635e-14
116	29.9198209099740140	11.2191369792878319	2.310e-14
117	30.1121965369402744	-18.7766800279122421	9.223e-14
118	30.1121965369405586	18.7766800279121107	7.915e-14
119	30.1446156423026785	-14.7965725453651107	7.890e-14
120	30.1446156423028775	14.7965725453649206	9.116e-14



Source Data for Figure 20
Index    Real(lambda_j)    Imag(lambda_j)
1      -0.500000000000    0.017522558348
2      -0.500000000000    0.035082628768
3      -0.500000000000    0.052720337063
4      -0.500000000000    0.070480401218
5      -0.500000000000    0.088413235315
6      -0.500000000000    0.106575391015
7      -0.500000000000    0.125029761614
8      -0.500000000000    0.143845933801
9      -0.500000000000    0.163100930935
10     -0.500000000000    0.182880476509
11     -0.500000000000    0.203280861233
12     -0.500000000000    0.224411514733
13     -0.500000000000    0.246398446829
14     -0.500000000000    0.269388828476
15     -0.500000000000    0.293557139715
16     -0.500000000000    0.319113552674
17     -0.500000000000    0.346315602673
18     -0.500000000000    0.375484844652
19     -0.500000000000    0.407031318371
20     -0.500000000000    0.441490709248
21     -0.500000000000    0.479583077349
22     -0.500000000000    0.522310223015
23     -0.500000000000    0.571126943146
24     -0.500000000000    0.628265819689
25     -0.500000000000    0.697417809517
26     -0.500000000000    0.785372261216
27     -0.500000000000    0.906910160424
28     -0.500000000000    1.106318938199
29     -0.500000000000    1.988528648840
30      3.623783626373   -0.000000000000
31      6.775294330666   -0.000000000000
32      9.839732308005   -0.000000000000
33     12.875426173060   -0.000000000000
34     15.898109167512   -0.000000000000
35     17.125154764717  -42.694258919513
36     17.125154764717   42.694258919513
37     18.913814834677   -0.000000000000
38     20.653138540311  -34.040950305776
39     20.653138540311   34.040950305776
40     21.830028540474   -0.000000000000
41     22.619349386778  -27.833013327662
42     22.619349386778   27.833013327662
43     22.903356406893   -1.357875793707
44     22.903356406893    1.357875793707
45     23.545167018121   -3.593910222705
46     23.545167018121    3.593910222705
47     23.772171642754  -22.832667603248
48     23.772171642754   22.832667603248
49     24.072589931326   -6.018413729456
50     24.072589931326    6.018413729456
51     24.407225442283  -18.595257391159
52     24.407225442283   18.595257391159
53     24.459489768431   -8.681724179630
54     24.459489768431    8.681724179630
55     24.675121416835  -11.624112383555
56     24.675121416835   11.624112383555
57     24.677682949715  -14.901462241119
58     24.677682949715   14.901462241119
59     -0.150000000000    0.000000000000
60     -0.350000000000    0.000000000000
61     -0.500000000000   -0.017522558348
62     -0.500000000000   -0.035082628768
63     -0.500000000000   -0.052720337063
64     -0.500000000000   -0.070480401218
65     -0.500000000000   -0.088413235315
66     -0.500000000000   -0.106575391015
67     -0.500000000000   -0.125029761614
68     -0.500000000000   -0.143845933801
69     -0.500000000000   -0.163100930935
70     -0.500000000000   -0.182880476509
71     -0.500000000000   -0.203280861233
72     -0.500000000000   -0.224411514733
73     -0.500000000000   -0.246398446829
74     -0.500000000000   -0.269388828476
75     -0.500000000000   -0.293557139715
76     -0.500000000000   -0.319113552674
77     -0.500000000000   -0.346315602673
78     -0.500000000000   -0.375484844652
79     -0.500000000000   -0.407031318371
80     -0.500000000000   -0.441490709248
81     -0.500000000000   -0.479583077349
82     -0.500000000000   -0.522310223015
83     -0.500000000000   -0.571126943146
84     -0.500000000000   -0.628265819689
85     -0.500000000000   -0.697417809517
86     -0.500000000000   -0.785372261216
87     -0.500000000000   -0.906910160424
88     -0.500000000000   -1.106318938199
89     -0.500000000000   -1.988528648840
90     -4.623783626373    0.000000000000
91     -7.775294330666    0.000000000000
92    -10.839732308005    0.000000000000
93    -13.875426173060    0.000000000000
94    -16.898109167512    0.000000000000
95    -18.125154764717   42.694258919513
96    -18.125154764717  -42.694258919513
97    -19.913814834677    0.000000000000
98    -21.653138540311   34.040950305776
99    -21.653138540311  -34.040950305776
100   -22.830028540474    0.000000000000
101   -23.619349386778   27.833013327662
102   -23.619349386778  -27.833013327662
103   -23.903356406893    1.357875793707
104   -23.903356406893   -1.357875793707
105   -24.545167018121    3.593910222705
106   -24.545167018121   -3.593910222705
107   -24.772171642754   22.832667603248
108   -24.772171642754  -22.832667603248
109   -25.072589931326    6.018413729456
110   -25.072589931326   -6.018413729456
111   -25.407225442283   18.595257391159
112   -25.407225442283  -18.595257391159
113   -25.459489768431    8.681724179630
114   -25.459489768431   -8.681724179630
115   -25.675121416835   11.624112383555
116   -25.675121416835  -11.624112383555
117   -25.677682949715   14.901462241119
118   -25.677682949715  -14.901462241119
119    -0.850000000000    0.000000000000
120    -0.650000000000    0.000000000000



Source Data for Figure 21
Index    Real(lambda_j)    Imag(lambda_j)
1      -0.500000000000    1.906511163493
2      -0.500000000000    1.094127924866
3      -0.500000000000    0.897942503529
4      -0.500000000000    0.777857692117
5      -0.500000000000    0.690785593582
6      -0.500000000000    0.622263532310
7      -0.500000000000    0.565622702678
8      -0.500000000000    0.517226769238
9      -0.500000000000    0.474870749950
10     -0.500000000000    0.437114907094
11     -0.500000000000    0.402966201130
12     -0.500000000000    0.371709998445
13     -0.500000000000    0.342814206503
14     -0.500000000000    0.315871337953
15     -0.500000000000    0.290561781276
16     -0.500000000000    0.266629575381
17     -0.500000000000    0.243865889009
18     -0.500000000000    0.222097428363
19     -0.500000000000    0.201178101385
20     -0.500000000000    0.180982899743
21     -0.500000000000    0.161403338128
22     -0.500000000000    0.142344027086
23     -0.500000000000    0.123720109988
24     -0.500000000000    0.105455397199
25     -0.500000000000    0.087481092240
26     -0.500000000000    0.069735021263
27     -0.500000000000    0.052161234888
28     -0.500000000000    0.034709746423
29     -0.500000000000    0.017336045703
30      4.171882619487   -0.000000000002
31      7.337267570461   -0.000000000003
32     10.409708895532   -0.000000000004
33     13.450674927409   -0.000000000005
34     16.477076297270   -0.000000000006
35     16.848545498634  -41.350373330096
36     16.848545498639   41.350373330097
37     19.495004222611   -0.000000000007
38     20.281493639637   32.815696536303
39     20.281493639632  -32.815696536303
40     22.094328524525   -0.799443129316
41     22.094328524530    0.799443129307
42     22.175131885838  -26.697841404415
43     22.175131885843   26.697841404415
44     22.789458204170   -2.895077428299
45     22.789458204176    2.895077428293
46     23.267412609489   21.774283932337
47     23.267412609483  -21.774283932338
48     23.351107476604   -5.265818420549
49     23.351107476610    5.265818420544
50     23.773814948393   -7.873639916960
51     23.773814948400    7.873639916957
52     23.849808299528   17.605817444456
53     23.849808299522  -17.605817444457
54     24.028301722154  -10.758559924214
55     24.028301722160   10.758559924211
56     24.073339047909  -13.975786839436
57     24.073339047915   13.975786839434
58     -0.000000000000   -0.371151036304
59      0.000000000000    0.371151036304
60     -0.350000000000    0.000000000000
61     -0.500000000000   -1.906511163493
62     -0.500000000000   -1.094127924866
63     -0.500000000000   -0.897942503529
64     -0.500000000000   -0.777857692117
65     -0.500000000000   -0.690785593582
66     -0.500000000000   -0.622263532310
67     -0.500000000000   -0.565622702678
68     -0.500000000000   -0.517226769238
69     -0.500000000000   -0.474870749950
70     -0.500000000000   -0.437114907094
71     -0.500000000000   -0.402966201130
72     -0.500000000000   -0.371709998445
73     -0.500000000000   -0.342814206503
74     -0.500000000000   -0.315871337953
75     -0.500000000000   -0.290561781276
76     -0.500000000000   -0.266629575381
77     -0.500000000000   -0.243865889009
78     -0.500000000000   -0.222097428363
79     -0.500000000000   -0.201178101385
80     -0.500000000000   -0.180982899743
81     -0.500000000000   -0.161403338128
82     -0.500000000000   -0.142344027086
83     -0.500000000000   -0.123720109988
84     -0.500000000000   -0.105455397199
85     -0.500000000000   -0.087481092240
86     -0.500000000000   -0.069735021263
87     -0.500000000000   -0.052161234888
88     -0.500000000000   -0.034709746423
89     -0.500000000000   -0.017336045703
90     -5.171882619487    0.000000000002
91     -8.337267570461    0.000000000003
92    -11.409708895532    0.000000000004
93    -14.450674927409    0.000000000005
94    -17.477076297270    0.000000000006
95    -17.848545498634   41.350373330096
96    -17.848545498639  -41.350373330097
97    -20.495004222611    0.000000000007
98    -21.281493639637  -32.815696536303
99    -21.281493639632   32.815696536303
100   -23.094328524525    0.799443129316
101   -23.094328524530   -0.799443129307
102   -23.175131885838   26.697841404415
103   -23.175131885843  -26.697841404415
104   -23.789458204170    2.895077428299
105   -23.789458204176   -2.895077428293
106   -24.267412609489  -21.774283932337
107   -24.267412609483   21.774283932338
108   -24.351107476604    5.265818420549
109   -24.351107476610   -5.265818420544
110   -24.773814948393    7.873639916960
111   -24.773814948400   -7.873639916957
112   -24.849808299528  -17.605817444456
113   -24.849808299522   17.605817444457
114   -25.028301722154   10.758559924214
115   -25.028301722160  -10.758559924211
116   -25.073339047909   13.975786839436
117   -25.073339047915  -13.975786839434
118    -1.000000000000    0.371151036304
119    -1.000000000000   -0.371151036304
120    -0.650000000000    0.000000000000



Source Data for Figure 22
Index    Real(lambda_j)    Imag(lambda_j)
1      -0.500000000000    0.017135338403
2      -0.500000000000    0.034306418282
3      -0.500000000000    0.051551282933
4      -0.500000000000    0.068912045280
5      -0.500000000000    0.086435908990
6      -0.500000000000    0.104175605491
7      -0.500000000000    0.122189598962
8      -0.500000000000    0.140542391661
9      -0.500000000000    0.159305148732
10     -0.500000000000    0.178556761502
11     -0.500000000000    0.198385422931
12     -0.500000000000    0.218890796036
13     -0.500000000000    0.240186902602
14     -0.500000000000    0.262405938904
15     -0.500000000000    0.285703343374
16     -0.500000000000    0.310264618494
17     -0.500000000000    0.336314685964
18     -0.500000000000    0.364131005157
19     -0.500000000000    0.394062450524
20     -0.500000000000    0.426557300292
21     -0.500000000000    0.462206208826
22     -0.500000000000    0.501810978548
23     -0.500000000000    0.546500297695
24     -0.500000000000    0.597937078517
25     -0.500000000000    0.658720858499
26     -0.500000000000    0.733256846154
27     -0.500000000000    0.829938759872
28     -0.500000000000    0.968076663506
29     -0.500000000000    1.211764176388
30     -0.500000000000    2.543712002567
31      1.485938469367   -2.161179939286
32      1.485938469367    2.161179939286
33      3.699217611310   -1.577363962434
34      3.699217611310    1.577363962434
35      5.685684184392   -0.000000000000
36      9.768748494092    0.000000000000
37     13.072352255398    0.000000000000
38     16.171493140474  -38.044663052717
39     16.171493140474   38.044663052717
40     16.238514410615    0.000000000000
41     19.329391648492    0.000000000000
42     19.370851821239  -29.799786400062
43     19.370851821239   29.799786400062
44     20.966635747503   -1.154886392986
45     20.966635747503    1.154886392986
46     21.085708263564  -23.901927398701
47     21.085708263564   23.901927398701
48     21.576992358895   -3.400404396001
49     21.576992358895    3.400404396001
50     22.028541127279  -19.165755419541
51     22.028541127279   19.165755419541
52     22.087664310717   -5.873571708085
53     22.087664310717    5.873571708085
54     22.438082648610   -8.619190919728
55     22.438082648610    8.619190919728
56     22.480746566088  -15.165312445740
57     22.480746566088   15.165312445740
58     22.588171819596  -11.690418009249
59     22.588171819596   11.690418009249
60     -0.350000000000    0.000000000000
61     -0.500000000000   -0.017135338403
62     -0.500000000000   -0.034306418282
63     -0.500000000000   -0.051551282933
64     -0.500000000000   -0.068912045280
65     -0.500000000000   -0.086435908990
66     -0.500000000000   -0.104175605491
67     -0.500000000000   -0.122189598962
68     -0.500000000000   -0.140542391661
69     -0.500000000000   -0.159305148732
70     -0.500000000000   -0.178556761502
71     -0.500000000000   -0.198385422931
72     -0.500000000000   -0.218890796036
73     -0.500000000000   -0.240186902602
74     -0.500000000000   -0.262405938904
75     -0.500000000000   -0.285703343374
76     -0.500000000000   -0.310264618494
77     -0.500000000000   -0.336314685964
78     -0.500000000000   -0.364131005157
79     -0.500000000000   -0.394062450524
80     -0.500000000000   -0.426557300292
81     -0.500000000000   -0.462206208826
82     -0.500000000000   -0.501810978548
83     -0.500000000000   -0.546500297695
84     -0.500000000000   -0.597937078517
85     -0.500000000000   -0.658720858499
86     -0.500000000000   -0.733256846154
87     -0.500000000000   -0.829938759872
88     -0.500000000000   -0.968076663506
89     -0.500000000000   -1.211764176388
90     -0.500000000000   -2.543712002567
91     -2.485938469367    2.161179939286
92     -2.485938469367   -2.161179939286
93     -4.699217611310    1.577363962434
94     -4.699217611310   -1.577363962434
95     -6.685684184392    0.000000000000
96    -10.768748494092   -0.000000000000
97    -14.072352255398   -0.000000000000
98    -17.171493140474   38.044663052717
99    -17.171493140474  -38.044663052717
100   -17.238514410615   -0.000000000000
101   -20.329391648492   -0.000000000000
102   -20.370851821239   29.799786400062
103   -20.370851821239  -29.799786400062
104   -21.966635747503    1.154886392986
105   -21.966635747503   -1.154886392986
106   -22.085708263564   23.901927398701
107   -22.085708263564  -23.901927398701
108   -22.576992358895    3.400404396001
109   -22.576992358895   -3.400404396001
110   -23.028541127279   19.165755419541
111   -23.028541127279  -19.165755419541
112   -23.087664310717    5.873571708085
113   -23.087664310717   -5.873571708085
114   -23.438082648610    8.619190919728
115   -23.438082648610   -8.619190919728
116   -23.480746566088   15.165312445740
117   -23.480746566088  -15.165312445740
118   -23.588171819596   11.690418009249
119   -23.588171819596  -11.690418009249
120    -0.650000000000    0.000000000000



Source Data for Figure 23
Index    Real(lambda_j)    Imag(lambda_j)
1      -0.500000000000    1.224860432363
2      -0.500000000000    0.972362490943
3      -0.500000000000    0.832180990235
4      -0.500000000000    0.734670051655
5      -0.500000000000    0.659705072244
6      -0.500000000000    0.598666433484
7      -0.500000000000    0.547064083210
8      -0.500000000000    0.502260227786
9      -0.500000000000    0.462572436817
10     -0.500000000000    0.426861131073
11     -0.500000000000    0.394318002816
12     -0.500000000000    0.364348297880
13     -0.500000000000    0.336501039546
14     -0.500000000000    0.310425512139
15     -0.500000000000    0.285842961184
16     -0.500000000000    0.262527529841
17     -0.500000000000    0.240293024682
18     -0.500000000000    0.218983486112
19     -0.500000000000    0.198466317232
20     -0.500000000000    0.178627182708
21     -0.500000000000    0.159366169799
22     -0.500000000000    0.140594883143
23     -0.500000000000    0.122234264446
24     -0.500000000000    0.104213008420
25     -0.500000000000    0.086466493348
26     -0.500000000000    0.068936152076
27     -0.500000000000    0.051569164068
28     -0.500000000000    0.034318248850
29     -0.500000000000    0.017141227631
30      0.672004847769   10.482556924209
31      0.672004847768  -10.482556924209
32      3.020959924714   10.389420155659
33      3.020959924714  -10.389420155659
34      5.383894674133   10.203151741463
35      5.383894674133  -10.203151741463
36      7.769043605624    9.921263459845
37      7.769043605624   -9.921263459845
38     10.186746573303    9.536494181623
39     10.186746573303   -9.536494181623
40     12.654580425592    9.035702319910
41     12.654580425592   -9.035702319910
42     13.593983475157  -27.756911599482
43     13.593983475157   27.756911599482
44     15.205185875681    8.422621024329
45     15.205185875681   -8.422621024329
46     15.812321657783  -20.564560844936
47     15.812321657783   20.564560844936
48     16.716896386452  -15.469120174944
49     16.716896386452   15.469120174944
50     16.848370148076   -8.145921594273
51     16.848370148076    8.145921594273
52     16.909893404178  -11.425326841706
53     16.909893404178   11.425326841706
54     17.594354146490    6.333759507815
55     17.594354146490   -6.333759507815
56     18.525571878138    4.332458923759
57     18.525571878138   -4.332458923759
58     19.181602936066    1.929991274884
59     19.181602936066   -1.929991274884
60     -0.350000000000    0.000000000000
61     -0.500000000000   -1.224860432363
62     -0.500000000000   -0.972362490943
63     -0.500000000000   -0.832180990235
64     -0.500000000000   -0.734670051655
65     -0.500000000000   -0.659705072244
66     -0.500000000000   -0.598666433484
67     -0.500000000000   -0.547064083210
68     -0.500000000000   -0.502260227786
69     -0.500000000000   -0.462572436817
70     -0.500000000000   -0.426861131073
71     -0.500000000000   -0.394318002816
72     -0.500000000000   -0.364348297880
73     -0.500000000000   -0.336501039546
74     -0.500000000000   -0.310425512139
75     -0.500000000000   -0.285842961184
76     -0.500000000000   -0.262527529841
77     -0.500000000000   -0.240293024682
78     -0.500000000000   -0.218983486112
79     -0.500000000000   -0.198466317232
80     -0.500000000000   -0.178627182708
81     -0.500000000000   -0.159366169799
82     -0.500000000000   -0.140594883143
83     -0.500000000000   -0.122234264446
84     -0.500000000000   -0.104213008420
85     -0.500000000000   -0.086466493348
86     -0.500000000000   -0.068936152076
87     -0.500000000000   -0.051569164068
88     -0.500000000000   -0.034318248850
89     -0.500000000000   -0.017141227631
90     -1.672004847769  -10.482556924209
91     -1.672004847768   10.482556924209
92     -4.020959924714  -10.389420155659
93     -4.020959924714   10.389420155659
94     -6.383894674133  -10.203151741463
95     -6.383894674133   10.203151741463
96     -8.769043605624   -9.921263459845
97     -8.769043605624    9.921263459845
98    -11.186746573303   -9.536494181623
99    -11.186746573303    9.536494181623
100   -13.654580425592   -9.035702319910
101   -13.654580425592    9.035702319910
102   -14.593983475157   27.756911599482
103   -14.593983475157  -27.756911599482
104   -16.205185875681   -8.422621024329
105   -16.205185875681    8.422621024329
106   -16.812321657783   20.564560844936
107   -16.812321657783  -20.564560844936
108   -17.716896386452   15.469120174944
109   -17.716896386452  -15.469120174944
110   -17.848370148076    8.145921594273
111   -17.848370148076   -8.145921594273
112   -17.909893404178   11.425326841706
113   -17.909893404178  -11.425326841706
114   -18.594354146490   -6.333759507815
115   -18.594354146490    6.333759507815
116   -19.525571878138   -4.332458923759
117   -19.525571878138    4.332458923759
118   -20.181602936066   -1.929991274884
119   -20.181602936066    1.929991274884
120    -0.650000000000    0.000000000000



Source Data for Figure 24
blue:
Index    Real(lambda_j)    Imag(lambda_j)
1      -0.500000000000    0.017140704018
2      -0.500000000000    0.034317197126
3      -0.500000000000    0.051567574800
4      -0.500000000000    0.068934010127
5      -0.500000000000    0.086463776931
6      -0.500000000000    0.104209688036
7      -0.500000000000    0.122230301698
8      -0.500000000000    0.140590229346
9      -0.500000000000    0.159360764228
10     -0.500000000000    0.178620950352
11     -0.500000000000    0.198459165821
12     -0.500000000000    0.218975302169
13     -0.500000000000    0.240283668209
14     -0.500000000000    0.262516827102
15     -0.500000000000    0.285830694755
16     -0.500000000000    0.310411406960
17     -0.500000000000    0.336484742975
18     -0.500000000000    0.364329350460
19     -0.500000000000    0.394295794227
20     -0.500000000000    0.426834831509
21     -0.500000000000    0.462540885759
22     -0.500000000000    0.502221744909
23     -0.500000000000    0.547016127431
24     -0.500000000000    0.598604940865
25     -0.500000000000    0.659623039691
26     -0.500000000000    0.734554079936
27     -0.500000000000    0.832001054440
28     -0.500000000000    0.972030499036
29     -0.500000000000    1.223909107341
30     -0.350000000000    0.000000000000
31     -0.500000000000   -0.017140704018
32     -0.500000000000   -0.034317197126
33     -0.500000000000   -0.051567574800
34     -0.500000000000   -0.068934010127
35     -0.500000000000   -0.086463776931
36     -0.500000000000   -0.104209688036
37     -0.500000000000   -0.122230301698
38     -0.500000000000   -0.140590229346
39     -0.500000000000   -0.159360764228
40     -0.500000000000   -0.178620950352
41     -0.500000000000   -0.198459165821
42     -0.500000000000   -0.218975302169
43     -0.500000000000   -0.240283668209
44     -0.500000000000   -0.262516827102
45     -0.500000000000   -0.285830694755
46     -0.500000000000   -0.310411406960
47     -0.500000000000   -0.336484742975
48     -0.500000000000   -0.364329350460
49     -0.500000000000   -0.394295794227
50     -0.500000000000   -0.426834831509
51     -0.500000000000   -0.462540885759
52     -0.500000000000   -0.502221744909
53     -0.500000000000   -0.547016127431
54     -0.500000000000   -0.598604940865
55     -0.500000000000   -0.659623039691
56     -0.500000000000   -0.734554079936
57     -0.500000000000   -0.832001054440
58     -0.500000000000   -0.972030499036
59     -0.500000000000   -1.223909107341
60     -0.650000000000    0.000000000000

red:
Index    Real(lambda_j)    Imag(lambda_j)
1      -0.500000000000    0.017142000502
2      -0.500000000000    0.034319801217
3      -0.500000000000    0.051571509830
4      -0.500000000000    0.068939313533
5      -0.500000000000    0.086470502603
6      -0.500000000000    0.104217908939
7      -0.500000000000    0.122240112801
8      -0.500000000000    0.140601751069
9      -0.500000000000    0.159374146755
10     -0.500000000000    0.178636379197
11     -0.500000000000    0.198476869161
12     -0.500000000000    0.218995560606
13     -0.500000000000    0.240306827889
14     -0.500000000000    0.262543317545
15     -0.500000000000    0.285861053424
16     -0.500000000000    0.310446313699
17     -0.500000000000    0.336525069256
18     -0.500000000000    0.364376231530
19     -0.500000000000    0.394350737813
20     -0.500000000000    0.426899887128
21     -0.500000000000    0.462618919078
22     -0.500000000000    0.502316904059
23     -0.500000000000    0.547134683579
24     -0.500000000000    0.598756920047
25     -0.500000000000    0.659825712373
26     -0.500000000000    0.734840475721
27     -0.500000000000    0.832445150519
28     -0.500000000000    0.972849251273
29     -0.500000000000    1.226253888742
30      0.761352463858   23.391928710291
31      0.761352463858  -23.391928710291
32      3.277684512920   23.330222282033
33      3.277684512920  -23.330222282033
34      5.771818670909  -23.216751584246
35      5.771818670909   23.216751584246
36      8.206709637207  -23.083668461414
37      8.206709637207   23.083668461414
38     10.402321818192   22.952088116855
39     10.402321818192  -22.952088116855
40     12.261337645232   22.381077078931
41     12.261337645232  -22.381077078931
42     14.313009287995   21.399265024969
43     14.313009287995  -21.399265024969
44     16.443775295268  -20.281224044677
45     16.443775295268   20.281224044677
46     18.568725084320  -18.980254326117
47     18.568725084320   18.980254326117
48     20.680726125970   17.459170123984
49     20.680726125970  -17.459170123984
50     22.775825040165   15.686215522814
51     22.775825040165  -15.686215522814
52     24.847697791823   13.617304754242
53     24.847697791822  -13.617304754242
54     26.886960107123   11.182021559029
55     26.886960107123  -11.182021559029
56     28.876729077732    8.250406721579
57     28.876729077732   -8.250406721579
58     30.774233571762   -4.499247578775
59     30.774233571762    4.499247578775
60     -0.350000000000    0.000000000000
61     -0.500000000000   -0.017142000502
62     -0.500000000000   -0.034319801217
63     -0.500000000000   -0.051571509830
64     -0.500000000000   -0.068939313533
65     -0.500000000000   -0.086470502603
66     -0.500000000000   -0.104217908939
67     -0.500000000000   -0.122240112801
68     -0.500000000000   -0.140601751069
69     -0.500000000000   -0.159374146755
70     -0.500000000000   -0.178636379197
71     -0.500000000000   -0.198476869161
72     -0.500000000000   -0.218995560606
73     -0.500000000000   -0.240306827889
74     -0.500000000000   -0.262543317545
75     -0.500000000000   -0.285861053424
76     -0.500000000000   -0.310446313699
77     -0.500000000000   -0.336525069256
78     -0.500000000000   -0.364376231530
79     -0.500000000000   -0.394350737813
80     -0.500000000000   -0.426899887128
81     -0.500000000000   -0.462618919078
82     -0.500000000000   -0.502316904059
83     -0.500000000000   -0.547134683579
84     -0.500000000000   -0.598756920047
85     -0.500000000000   -0.659825712373
86     -0.500000000000   -0.734840475721
87     -0.500000000000   -0.832445150519
88     -0.500000000000   -0.972849251273
89     -0.500000000000   -1.226253888742
90     -1.761352463858  -23.391928710291
91     -1.761352463858   23.391928710291
92     -4.277684512920  -23.330222282033
93     -4.277684512920   23.330222282033
94     -6.771818670909   23.216751584246
95     -6.771818670909  -23.216751584246
96     -9.206709637207   23.083668461414
97     -9.206709637207  -23.083668461414
98    -11.402321818192  -22.952088116855
99    -11.402321818192   22.952088116855
100   -13.261337645232  -22.381077078931
101   -13.261337645232   22.381077078931
102   -15.313009287995  -21.399265024969
103   -15.313009287995   21.399265024969
104   -17.443775295268   20.281224044677
105   -17.443775295268  -20.281224044677
106   -19.568725084320   18.980254326117
107   -19.568725084320  -18.980254326117
108   -21.680726125970  -17.459170123984
109   -21.680726125970   17.459170123984
110   -23.775825040165  -15.686215522814
111   -23.775825040165   15.686215522814
112   -25.847697791823  -13.617304754242
113   -25.847697791822   13.617304754242
114   -27.886960107123  -11.182021559029
115   -27.886960107123   11.182021559029
116   -29.876729077732   -8.250406721579
117   -29.876729077732    8.250406721579
118   -31.774233571762    4.499247578775
119   -31.774233571762   -4.499247578775
120    -0.650000000000    0.000000000000



Source Data for Figure 25
Index    Real(lambda_j)    Imag(lambda_j)
1      -0.500000000000    0.017163435987
2      -0.500000000000    0.034362849094
3      -0.500000000000    0.051636541628
4      -0.500000000000    0.069026926125
5      -0.500000000000    0.086581556072
6      -0.500000000000    0.104353568295
7      -0.500000000000    0.122401894036
8      -0.500000000000    0.140791574992
9      -0.500000000000    0.159594405737
10     -0.500000000000    0.178890023116
11     -0.500000000000    0.198767518238
12     -0.500000000000    0.219327655164
13     -0.500000000000    0.240685828950
14     -0.500000000000    0.262975978409
15     -0.500000000000    0.286355792304
16     -0.500000000000    0.311013733522
17     -0.500000000000    0.337178697295
18     -0.500000000000    0.365133596826
19     -0.500000000000    0.395234984714
20     -0.500000000000    0.427942272067
21     -0.500000000000    0.463862827802
22     -0.500000000000    0.503824627535
23     -0.500000000000    0.548999531635
24     -0.500000000000    0.601126530396
25     -0.500000000000    0.662951428719
26     -0.500000000000    0.739196676437
27     -0.500000000000    0.839079130191
28     -0.500000000000    0.984792443279
29     -0.500000000000    1.259739999081
30      3.295858214332   -0.000000000000
31      6.248455980985   -0.000000000000
32      9.226965405258   -0.000000000000
33     12.215056502875   -0.000000000000
34     15.207545931404   -0.000000000000
35     17.372236450651  -43.946197427034
36     17.372236450651   43.946197427034
37     18.202391158340   -0.000000000000
38     20.985015855384  -35.186828581576
39     20.985015855384   35.186828581576
40     21.202260654769   -0.000000000000
41     23.015971906616  -28.898337103710
42     23.015971906616   28.898337103710
43     23.125438069881   -0.000000000000
44     23.601801980645   -2.011261807503
45     23.601801980645    2.011261807503
46     24.219303643701   -4.268945285630
47     24.222820538652  -23.829311378037
48     24.219303643701    4.268945285630
49     24.222820538652   23.829311378037
50     24.717159980612   -6.741659419448
51     24.717159980612    6.741659419448
52     24.904894638650  -19.530232717415
53     24.904894638650   19.530232717415
54     25.071924285658   -9.454544167025
55     25.071924285658    9.454544167025
56     25.217293224579  -15.779406492256
57     25.217293224579   15.779406492256
58     25.252739384946  -12.448296503332
59     25.252739384946   12.448296503332
60     -0.350000000000    0.000000000000
61     -0.500000000000   -0.017163435987
62     -0.500000000000   -0.034362849094
63     -0.500000000000   -0.051636541628
64     -0.500000000000   -0.069026926125
65     -0.500000000000   -0.086581556072
66     -0.500000000000   -0.104353568295
67     -0.500000000000   -0.122401894036
68     -0.500000000000   -0.140791574992
69     -0.500000000000   -0.159594405737
70     -0.500000000000   -0.178890023116
71     -0.500000000000   -0.198767518238
72     -0.500000000000   -0.219327655164
73     -0.500000000000   -0.240685828950
74     -0.500000000000   -0.262975978409
75     -0.500000000000   -0.286355792304
76     -0.500000000000   -0.311013733522
77     -0.500000000000   -0.337178697295
78     -0.500000000000   -0.365133596826
79     -0.500000000000   -0.395234984714
80     -0.500000000000   -0.427942272067
81     -0.500000000000   -0.463862827802
82     -0.500000000000   -0.503824627535
83     -0.500000000000   -0.548999531635
84     -0.500000000000   -0.601126530396
85     -0.500000000000   -0.662951428719
86     -0.500000000000   -0.739196676437
87     -0.500000000000   -0.839079130191
88     -0.500000000000   -0.984792443279
89     -0.500000000000   -1.259739999081
90     -4.295858214332    0.000000000000
91     -7.248455980985    0.000000000000
92    -10.226965405258    0.000000000000
93    -13.215056502875    0.000000000000
94    -16.207545931404    0.000000000000
95    -18.372236450651   43.946197427034
96    -18.372236450651  -43.946197427034
97    -19.202391158340    0.000000000000
98    -21.985015855384   35.186828581576
99    -21.985015855384  -35.186828581576
100   -22.202260654769    0.000000000000
101   -24.015971906616   28.898337103710
102   -24.015971906616  -28.898337103710
103   -24.125438069881    0.000000000000
104   -24.601801980645    2.011261807503
105   -24.601801980645   -2.011261807503
106   -25.219303643701    4.268945285630
107   -25.222820538652   23.829311378037
108   -25.219303643701   -4.268945285630
109   -25.222820538652  -23.829311378037
110   -25.717159980612    6.741659419448
111   -25.717159980612   -6.741659419448
112   -25.904894638650   19.530232717415
113   -25.904894638650  -19.530232717415
114   -26.071924285658    9.454544167025
115   -26.071924285658   -9.454544167025
116   -26.217293224579   15.779406492256
117   -26.217293224579  -15.779406492256
118   -26.252739384946   12.448296503332
119   -26.252739384946  -12.448296503332
120    -0.650000000000    0.000000000000



Source Data for Figure 26
Index    Real(lambda_j)    Imag(lambda_j)
1      -0.500000000000    0.017155394914
2      -0.500000000000    0.034346703397
3      -0.500000000000    0.051612157673
4      -0.500000000000    0.068994088906
5      -0.500000000000    0.086539955432
6      -0.500000000000    0.104302783929
7      -0.500000000000    0.122341379153
8      -0.500000000000    0.140720637436
9      -0.500000000000    0.159512184752
10     -0.500000000000    0.178795459575
11     -0.500000000000    0.198659315704
12     -0.500000000000    0.219204228413
13     -0.500000000000    0.240545235305
14     -0.500000000000    0.262815825243
15     -0.500000000000    0.286173110816
16     -0.500000000000    0.310804803754
17     -0.500000000000    0.336938800852
18     -0.500000000000    0.364856659382
19     -0.500000000000    0.394913045102
20     -0.500000000000    0.427564668338
21     -0.500000000000    0.463414901021
22     -0.500000000000    0.503285560458
23     -0.500000000000    0.548338534445
24     -0.500000000000    0.600295608311
25     -0.500000000000    0.661870316975
26     -0.500000000000    0.737717141077
27     -0.500000000000    0.836882692288
28     -0.500000000000    0.980989056324
29     -0.500000000000    1.249767076276
30      4.749956199545   -0.000000000000
31      7.782708873837   -0.000000000000
32     10.795213933797   -0.000000000000
33     13.801902665852   -0.000000000000
34     16.806098198459   -0.000000000000
35     17.558261934319  -44.853557505349
36     17.558261934319   44.853557505349
37     19.808972597956   -0.000000000000
38     21.235059425169  -36.014635598194
39     21.235059425169   36.014635598194
40     23.047107711964   -0.000000000000
41     23.294614696105    0.000000000000
42     23.314942624738  -29.665855892217
43     23.314942624738   29.665855892217
44     24.133140265927   -2.446745099353
45     24.133140265927    2.446745099353
46     24.562628262774  -24.545538211297
47     24.562628262774   24.545538211297
48     24.727982645750   -4.746098709150
49     24.727982645750    4.746098709150
50     25.203320225082    7.254573818669
51     25.203320225082   -7.254573818669
52     25.280233917018  -20.200489780787
53     25.280233917018   20.200489780787
54     25.533871974085   10.004244660751
55     25.533871974085  -10.004244660751
56     25.624306791219  -16.407216071483
57     25.624306791219   16.407216071483
58     25.688434737423  -13.036142373950
59     25.688434737423   13.036142373950
60     -0.350000000000    0.000000000000
61     -0.500000000000   -0.017155394914
62     -0.500000000000   -0.034346703397
63     -0.500000000000   -0.051612157673
64     -0.500000000000   -0.068994088906
65     -0.500000000000   -0.086539955432
66     -0.500000000000   -0.104302783929
67     -0.500000000000   -0.122341379153
68     -0.500000000000   -0.140720637436
69     -0.500000000000   -0.159512184752
70     -0.500000000000   -0.178795459575
71     -0.500000000000   -0.198659315704
72     -0.500000000000   -0.219204228413
73     -0.500000000000   -0.240545235305
74     -0.500000000000   -0.262815825243
75     -0.500000000000   -0.286173110816
76     -0.500000000000   -0.310804803754
77     -0.500000000000   -0.336938800852
78     -0.500000000000   -0.364856659382
79     -0.500000000000   -0.394913045102
80     -0.500000000000   -0.427564668338
81     -0.500000000000   -0.463414901021
82     -0.500000000000   -0.503285560458
83     -0.500000000000   -0.548338534445
84     -0.500000000000   -0.600295608311
85     -0.500000000000   -0.661870316975
86     -0.500000000000   -0.737717141077
87     -0.500000000000   -0.836882692288
88     -0.500000000000   -0.980989056324
89     -0.500000000000   -1.249767076276
90     -5.749956199545    0.000000000000
91     -8.782708873837    0.000000000000
92    -11.795213933797    0.000000000000
93    -14.801902665852    0.000000000000
94    -17.806098198459    0.000000000000
95    -18.558261934319   44.853557505349
96    -18.558261934319  -44.853557505349
97    -20.808972597956    0.000000000000
98    -22.235059425169   36.014635598194
99    -22.235059425169  -36.014635598194
100   -24.047107711964    0.000000000000
101   -24.294614696105   -0.000000000000
102   -24.314942624738   29.665855892217
103   -24.314942624738  -29.665855892217
104   -25.133140265927    2.446745099353
105   -25.133140265927   -2.446745099353
106   -25.562628262774   24.545538211297
107   -25.562628262774  -24.545538211297
108   -25.727982645750    4.746098709150
109   -25.727982645750   -4.746098709150
110   -26.203320225082   -7.254573818669
111   -26.203320225082    7.254573818669
112   -26.280233917018   20.200489780787
113   -26.280233917018  -20.200489780787
114   -26.533871974085  -10.004244660751
115   -26.533871974085   10.004244660751
116   -26.624306791219   16.407216071483
117   -26.624306791219  -16.407216071483
118   -26.688434737423   13.036142373950
119   -26.688434737423  -13.036142373950
120    -0.650000000000    0.000000000000



Source Data for Figure 27
Index    Real(lambda_j)    Imag(lambda_j)
1      -0.500000000000    1.249140541599
2      -0.500000000000    0.980763296383
3      -0.500000000000    0.836756300392
4      -0.500000000000    0.737633715234
5      -0.500000000000    0.661810240315
6      -0.500000000000    0.600249943924
7      -0.500000000000    0.548302525092
8      -0.500000000000    0.503256401172
9      -0.500000000000    0.463390813488
10     -0.500000000000    0.427544462322
11     -0.500000000000    0.394895889788
12     -0.500000000000    0.364841955107
13     -0.500000000000    0.336926102876
14     -0.500000000000    0.310793774770
15     -0.500000000000    0.286163490207
16     -0.500000000000    0.262807408518
17     -0.500000000000    0.240537859956
18     -0.500000000000    0.219197763965
19     -0.500000000000    0.198653656578
20     -0.500000000000    0.178790519867
21     -0.500000000000    0.159507894392
22     -0.500000000000    0.140716939299
23     -0.500000000000    0.122338226896
24     -0.500000000000    0.104300140333
25     -0.500000000000    0.086537791118
26     -0.500000000000    0.068992381293
27     -0.500000000000    0.051610890093
28     -0.500000000000    0.034345864285
29     -0.500000000000    0.017154977071
30      4.881103093173   -0.000000000000
31      7.920569504803   -0.000000000000
32     10.936237331038   -0.000000000000
33     13.944773062740   -0.000000000000
34     16.950181818237   -0.000000000000
35     17.575107264937   44.935584542580
36     17.575107264936  -44.935584542580
37     19.953909028077   -0.000000000000
38     21.257706570177  -36.089465799654
39     21.257706570177   36.089465799654
40     23.251896424836   -0.233042297603
41     23.251896424837    0.233042297603
42     23.342025828895   29.735235158161
43     23.342025828895  -29.735235158161
44     24.180731451460   -2.486584226817
45     24.180731451460    2.486584226817
46     24.593415246763   24.610282647688
47     24.593415246763  -24.610282647688
48     24.774091251619    4.789275697046
49     24.774091251619   -4.789275697046
50     25.247389259995    7.300976032442
51     25.247389259995   -7.300976032442
52     25.314244346042   20.261082709710
53     25.314244346042  -20.261082709710
54     25.575742724128   10.053961928066
55     25.575742724128  -10.053961928066
56     25.661191367530   16.463977738226
57     25.661191367530  -16.463977738226
58     25.727922429909   13.089298918226
59     25.727922429909  -13.089298918226
60     -0.350000000000    0.000000000000
61     -0.500000000000   -1.249140541599
62     -0.500000000000   -0.980763296383
63     -0.500000000000   -0.836756300392
64     -0.500000000000   -0.737633715234
65     -0.500000000000   -0.661810240315
66     -0.500000000000   -0.600249943924
67     -0.500000000000   -0.548302525092
68     -0.500000000000   -0.503256401172
69     -0.500000000000   -0.463390813488
70     -0.500000000000   -0.427544462322
71     -0.500000000000   -0.394895889788
72     -0.500000000000   -0.364841955107
73     -0.500000000000   -0.336926102876
74     -0.500000000000   -0.310793774770
75     -0.500000000000   -0.286163490207
76     -0.500000000000   -0.262807408518
77     -0.500000000000   -0.240537859956
78     -0.500000000000   -0.219197763965
79     -0.500000000000   -0.198653656578
80     -0.500000000000   -0.178790519867
81     -0.500000000000   -0.159507894392
82     -0.500000000000   -0.140716939299
83     -0.500000000000   -0.122338226896
84     -0.500000000000   -0.104300140333
85     -0.500000000000   -0.086537791118
86     -0.500000000000   -0.068992381293
87     -0.500000000000   -0.051610890093
88     -0.500000000000   -0.034345864285
89     -0.500000000000   -0.017154977071
90     -5.881103093173    0.000000000000
91     -8.920569504803    0.000000000000
92    -11.936237331038    0.000000000000
93    -14.944773062740    0.000000000000
94    -17.950181818237    0.000000000000
95    -18.575107264937  -44.935584542580
96    -18.575107264936   44.935584542580
97    -20.953909028077    0.000000000000
98    -22.257706570177   36.089465799654
99    -22.257706570177  -36.089465799654
100   -24.251896424836    0.233042297603
101   -24.251896424837   -0.233042297603
102   -24.342025828895  -29.735235158161
103   -24.342025828895   29.735235158161
104   -25.180731451460    2.486584226817
105   -25.180731451460   -2.486584226817
106   -25.593415246763  -24.610282647688
107   -25.593415246763   24.610282647688
108   -25.774091251619   -4.789275697046
109   -25.774091251619    4.789275697046
110   -26.247389259995   -7.300976032442
111   -26.247389259995    7.300976032442
112   -26.314244346042  -20.261082709710
113   -26.314244346042   20.261082709710
114   -26.575742724128  -10.053961928066
115   -26.575742724128   10.053961928066
116   -26.661191367530  -16.463977738226
117   -26.661191367530   16.463977738226
118   -26.727922429909  -13.089298918226
119   -26.727922429909   13.089298918226
120    -0.650000000000    0.000000000000



Source Data for Figure 28
blue:
Index    Real(lambda_j)    Imag(lambda_j)
1      -0.500000000000   -0.017145790842
2      -0.500000000000   -0.034327414423
3      -0.500000000000   -0.051583014137
4      -0.500000000000   -0.068954818417
5      -0.500000000000   -0.086490165667
6      -0.500000000000   -0.104241943576
7      -0.500000000000   -0.122268796755
8      -0.500000000000   -0.140635436542
9      -0.500000000000   -0.159413273007
10     -0.500000000000   -0.178681488844
11     -0.500000000000   -0.198528629638
12     -0.500000000000   -0.219054792737
13     -0.500000000000   -0.240374544301
14     -0.500000000000   -0.262620774871
15     -0.500000000000   -0.285949824255
16     -0.500000000000   -0.310548387444
17     -0.500000000000   -0.336642996437
18     -0.500000000000   -0.364513335212
19     -0.500000000000   -0.394511432278
20     -0.500000000000   -0.427090174445
21     -0.500000000000   -0.462847194166
22     -0.500000000000   -0.502595323951
23     -0.500000000000   -0.547481637764
24     -0.500000000000   -0.599201831853
25     -0.500000000000   -0.660419323243
26     -0.500000000000   -0.735680000989
27     -0.500000000000   -0.833748995755
28     -0.500000000000   -0.975262030978
29     -0.500000000000   -1.233266167120
30     -0.350000000000    0.000000000000
31     -0.500000000000    0.017145790842
32     -0.500000000000    0.034327414423
33     -0.500000000000    0.051583014137
34     -0.500000000000    0.068954818417
35     -0.500000000000    0.086490165667
36     -0.500000000000    0.104241943576
37     -0.500000000000    0.122268796755
38     -0.500000000000    0.140635436542
39     -0.500000000000    0.159413273007
40     -0.500000000000    0.178681488844
41     -0.500000000000    0.198528629638
42     -0.500000000000    0.219054792737
43     -0.500000000000    0.240374544301
44     -0.500000000000    0.262620774871
45     -0.500000000000    0.285949824255
46     -0.500000000000    0.310548387444
47     -0.500000000000    0.336642996437
48     -0.500000000000    0.364513335212
49     -0.500000000000    0.394511432278
50     -0.500000000000    0.427090174445
51     -0.500000000000    0.462847194166
52     -0.500000000000    0.502595323951
53     -0.500000000000    0.547481637764
54     -0.500000000000    0.599201831853
55     -0.500000000000    0.660419323243
56     -0.500000000000    0.735680000989
57     -0.500000000000    0.833748995755
58     -0.500000000000    0.975262030978
59     -0.500000000000    1.233266167120
60     -0.650000000000    0.000000000000

red:
Index    Real(lambda_j)    Imag(lambda_j)
1      -0.500000000000    1.230931126855
2      -0.500000000000    0.974464714573
3      -0.500000000000    0.833318982146
4      -0.500000000000    0.735403357740
5      -0.500000000000    0.660223804605
6      -0.500000000000    0.599055331958
7      -0.500000000000    0.547367414806
8      -0.500000000000    0.502503675863
9      -0.500000000000    0.462772059784
10     -0.500000000000    0.427027548073
11     -0.500000000000    0.394458548478
12     -0.500000000000    0.364468217162
13     -0.500000000000    0.336604190477
14     -0.500000000000    0.310514799392
15     -0.500000000000    0.285920614385
16     -0.500000000000    0.262595288251
17     -0.500000000000    0.240352263255
18     -0.500000000000    0.219035303623
19     -0.500000000000    0.198511599147
20     -0.500000000000    0.178666646812
21     -0.500000000000    0.159400399764
22     -0.500000000000    0.140624353503
23     -0.500000000000    0.122259359357
24     -0.500000000000    0.104234035908
25     -0.500000000000    0.086483696325
26     -0.500000000000    0.068949717174
27     -0.500000000000    0.051579229128
28     -0.500000000000    0.034324909622
29     -0.500000000000    0.017144543793
30     21.508767261591   62.828208424100
31     21.508767261591  -62.828208424100
32     26.564523752655   52.316939752840
33     26.564523752655  -52.316939752840
34     29.708323175304   44.704489127182
35     29.708323175304  -44.704489127182
36     31.853220749353  -38.511845183196
37     31.853220749353   38.511845183195
38     33.360936982004   33.207954324875
39     33.360936982004  -33.207954324875
40     34.419664229284   28.531258342141
41     34.419664229284  -28.531258342141
42     34.689045112389    0.830067944796
43     34.689045112389   -0.830067944796
44     35.126146278341    2.940914799915
45     35.126146278341   -2.940914799915
46     35.142573024367   24.330446832169
47     35.142573024367  -24.330446832169
48     35.465740949611    5.350639231076
49     35.465740949611   -5.350639231076
50     35.604403718538   20.508942993477
51     35.604403718538  -20.508942993477
52     35.723846676362    7.954024009020
53     35.723846676362   -7.954024009020
54     35.858000074941   17.001000673042
55     35.858000074941  -17.001000673042
56     35.889724203095   10.752257507756
57     35.889724203096  -10.752257507757
58     35.942816697859   13.759990900956
59     35.942816697859  -13.759990900956
60     -0.350000000000    0.000000000000
61     -0.500000000000   -1.230931126855
62     -0.500000000000   -0.974464714573
63     -0.500000000000   -0.833318982146
64     -0.500000000000   -0.735403357740
65     -0.500000000000   -0.660223804605
66     -0.500000000000   -0.599055331958
67     -0.500000000000   -0.547367414806
68     -0.500000000000   -0.502503675863
69     -0.500000000000   -0.462772059784
70     -0.500000000000   -0.427027548073
71     -0.500000000000   -0.394458548478
72     -0.500000000000   -0.364468217162
73     -0.500000000000   -0.336604190477
74     -0.500000000000   -0.310514799392
75     -0.500000000000   -0.285920614385
76     -0.500000000000   -0.262595288251
77     -0.500000000000   -0.240352263255
78     -0.500000000000   -0.219035303623
79     -0.500000000000   -0.198511599147
80     -0.500000000000   -0.178666646812
81     -0.500000000000   -0.159400399764
82     -0.500000000000   -0.140624353503
83     -0.500000000000   -0.122259359357
84     -0.500000000000   -0.104234035908
85     -0.500000000000   -0.086483696325
86     -0.500000000000   -0.068949717174
87     -0.500000000000   -0.051579229128
88     -0.500000000000   -0.034324909622
89     -0.500000000000   -0.017144543793
90    -22.508767261591  -62.828208424100
91    -22.508767261591   62.828208424100
92    -27.564523752655  -52.316939752840
93    -27.564523752655   52.316939752840
94    -30.708323175304  -44.704489127182
95    -30.708323175304   44.704489127182
96    -32.853220749353   38.511845183196
97    -32.853220749353  -38.511845183195
98    -34.360936982004  -33.207954324875
99    -34.360936982004   33.207954324875
100   -35.419664229284  -28.531258342141
101   -35.419664229284   28.531258342141
102   -35.689045112389   -0.830067944796
103   -35.689045112389    0.830067944796
104   -36.126146278341   -2.940914799915
105   -36.126146278341    2.940914799915
106   -36.142573024367  -24.330446832169
107   -36.142573024367   24.330446832169
108   -36.465740949611   -5.350639231076
109   -36.465740949611    5.350639231076
110   -36.604403718538  -20.508942993477
111   -36.604403718538   20.508942993477
112   -36.723846676362   -7.954024009020
113   -36.723846676362    7.954024009020
114   -36.858000074941  -17.001000673042
115   -36.858000074941   17.001000673042
116   -36.889724203095  -10.752257507756
117   -36.889724203096   10.752257507757
118   -36.942816697859  -13.759990900956
119   -36.942816697859   13.759990900956
120    -0.650000000000    0.000000000000



Source Data for Figure 29
blue:
Index	Real(z_j)	Imag(z_j)
1	-1.524354138801	-1.243167947000
2	-1.524354119722	1.243167943198
3	-1.509845137166	0.997242390328
4	-1.509845114052	-0.997242383618
5	-1.504499523366	-0.854696772065
6	-1.504499509888	0.854696767864
7	-1.502262900398	0.754684315642
8	-1.502262896526	-0.754684314451
9	-1.501199637178	-0.677758290267
10	-1.501199636691	0.677758290123
11	-1.500646029366	0.615223358187
12	-1.500646029348	-0.615223358181
13	-1.500339756717	-0.562468565523
14	-1.500339756717	0.562468565523
15	-1.500163781617	0.516765021226
16	-1.500163781617	-0.516765021226
17	-1.500060729396	0.476367422323
18	-1.500060729396	-0.476367422323
19	-1.500000349993	0.440093032648
20	-1.500000349993	-0.440093032648
21	-1.499999695864	0.016384496803
22	-1.499999695864	-0.016384496803
23	-1.499998792378	0.032812226347
24	-1.499998792378	-0.032812226347
25	-1.499997287516	0.049327134688
26	-1.499997287516	-0.049327134688
27	-1.499995181671	0.065974247949
28	-1.499995181671	-0.065974247949
29	-1.499992477153	0.082800388862
30	-1.499992477153	-0.082800388862
31	-1.499989180036	0.099854862072
32	-1.499989180036	-0.099854862072
33	-1.499985301500	0.117190229231
34	-1.499985301500	-0.117190229231
35	-1.499980861977	0.134863200515
36	-1.499980861977	-0.134863200515
37	-1.499975895858	0.152935685219
38	-1.499975895858	-0.152935685219
39	-1.499970458049	0.171476050504
40	-1.499970458049	-0.171476050504
41	-1.499965761342	-0.407103541692
42	-1.499965761342	0.407103541692
43	-1.499964634722	0.190560656556
44	-1.499964634722	-0.190560656556
45	-1.499958557555	0.210275760782
46	-1.499958557555	-0.210275760782
47	-1.499952425253	0.230719915840
48	-1.499952425253	-0.230719915840
49	-1.499947108627	0.376783027413
50	-1.499947108627	-0.376783027413
51	-1.499946535804	0.252007038023
52	-1.499946535804	-0.252007038023
53	-1.499941335059	-0.274270397559
54	-1.499941335059	0.274270397559
55	-1.499938429447	0.348665414804
56	-1.499938429447	-0.348665414804
57	-1.499937491211	-0.297667896734
58	-1.499937491211	0.297667896734
59	-1.499936011702	-0.322389180985
60	-1.499936011702	0.322389180985
61	-0.500000007836	2.800701103705
62	-0.499999992164	-2.800701103705
63	0.499936011702	-0.322389180985
64	0.499936011702	0.322389180985
65	0.499937491211	-0.297667896734
66	0.499937491211	0.297667896734
67	0.499938429447	0.348665414804
68	0.499938429447	-0.348665414804
69	0.499941335059	-0.274270397559
70	0.499941335059	0.274270397559
71	0.499946535804	0.252007038023
72	0.499946535804	-0.252007038023
73	0.499947108627	0.376783027413
74	0.499947108627	-0.376783027413
75	0.499952425253	0.230719915840
76	0.499952425253	-0.230719915840
77	0.499958557555	0.210275760782
78	0.499958557555	-0.210275760782
79	0.499964634722	0.190560656556
80	0.499964634722	-0.190560656556
81	0.499965761342	-0.407103541692
82	0.499965761342	0.407103541692
83	0.499970458049	0.171476050504
84	0.499970458049	-0.171476050504
85	0.499975895858	0.152935685219
86	0.499975895858	-0.152935685219
87	0.499980861977	0.134863200515
88	0.499980861977	-0.134863200515
89	0.499985301500	0.117190229231
90	0.499985301500	-0.117190229231
91	0.499989180036	0.099854862072
92	0.499989180036	-0.099854862072
93	0.499992477153	0.082800388862
94	0.499992477153	-0.082800388862
95	0.499995181671	0.065974247949
96	0.499995181671	-0.065974247949
97	0.499997287516	0.049327134688
98	0.499997287516	-0.049327134688
99	0.499998792378	0.032812226347
100	0.499998792378	-0.032812226347
101	0.499999695864	0.016384496803
102	0.499999695864	-0.016384496803
103	0.500000349993	0.440093032648
104	0.500000349993	-0.440093032648
105	0.500060729396	0.476367422323
106	0.500060729396	-0.476367422323
107	0.500163781617	0.516765021226
108	0.500163781617	-0.516765021226
109	0.500339756717	-0.562468565523
110	0.500339756717	0.562468565523
111	0.500646029348	0.615223358181
112	0.500646029366	-0.615223358187
113	0.501199636691	-0.677758290123
114	0.501199637178	0.677758290267
115	0.502262896526	0.754684314451
116	0.502262900398	-0.754684315642
117	0.504499509888	-0.854696767864
118	0.504499523366	0.854696772065
119	0.509845114052	0.997242383618
120	0.509845137166	-0.997242390328
121	0.524354119722	-1.243167943198
122	0.524354138801	1.243167947000

red:
Index    Real(lambda_j)    Imag(lambda_j)
1      -0.500000000000    0.348496985872
2      -0.500000000000   -0.210254575125
3      -0.500000000000    0.322262738242
4      -0.500000000000    0.297574186853
5      -0.500000000000    0.274202212246
6      -0.500000000000    0.251958709386
7      -0.500000000000    0.230686951283
8      -0.500000000000    0.016385971435
9      -0.500000000000   -0.376560605921
10     -0.500000000000    2.347057500142
11     -0.500000000000    1.244695089027
12     -0.500000000000   -0.190548372967
13     -0.500000000000    0.851955353857
14     -0.500000000000   -0.994331565813
15     -0.500000000000    0.752586297610
16     -0.500000000000    0.406811358019
17     -0.500000000000   -0.171470350942
18     -0.500000000000    0.099860036699
19     -0.500000000000   -0.117194411942
20     -0.500000000000    0.032815134445
21     -0.500000000000   -0.152934696889
22     -0.500000000000   -0.134865408987
23     -0.500000000000   -0.439710087794
24     -0.500000000000    0.676198124887
25     -0.500000000000    0.049331249029
26     -0.500000000000    0.082805773372
27     -0.500000000000   -0.561595639380
28     -0.500000000000   -0.614060812922
29     -0.500000000000    0.065979230373
30     -0.500000000000    0.516104752169
31     -0.500000000000   -0.475865324488
32      1.312650197983   -1.787388489447
33      1.312650197983    1.787388489447
34      4.638435610666    0.000000000000
35      8.037251855825    0.000000000000
36     11.197918316050    0.000000000000
37     14.288102682348    0.000000000000
38     16.618798202018   40.200302297945
39     16.618798202018  -40.200302297945
40     17.346447145509    0.000000000000
41     19.972979219618   31.764486757139
42     19.972979219618  -31.764486757139
43     20.418308522213    0.000000000000
44     21.640577935348    0.000000000000
45     21.806507256509   25.721854512826
46     21.806507256509  -25.721854512826
47     22.167379603122    2.286629570059
48     22.167379603122   -2.286629570059
49     22.752625654449    4.610853460446
50     22.752625654449   -4.610853460446
51     22.848644577057   20.862540294715
52     22.848644577057  -20.862540294715
53     23.205048193600    7.171962731055
54     23.205048193600   -7.171962731054
55     23.387410842494   16.751845407102
56     23.387410842494  -16.751845407102
57     23.491774079290   10.008580092006
58     23.491774079290  -10.008580092006
59     23.572040624358   13.175313640695
60     23.572040624358  -13.175313640695
61     -0.500000000000   -0.348496985872
62     -0.500000000000    0.210254575125
63     -0.500000000000   -0.322262738242
64     -0.500000000000   -0.297574186853
65     -0.500000000000   -0.274202212246
66     -0.500000000000   -0.251958709386
67     -0.500000000000   -0.230686951283
68     -0.500000000000   -0.016385971435
69     -0.500000000000    0.376560605921
70     -0.500000000000   -2.347057500142
71     -0.500000000000   -1.244695089027
72     -0.500000000000    0.190548372967
73     -0.500000000000   -0.851955353857
74     -0.500000000000    0.994331565813
75     -0.500000000000   -0.752586297610
76     -0.500000000000   -0.406811358019
77     -0.500000000000    0.171470350942
78     -0.500000000000   -0.099860036699
79     -0.500000000000    0.117194411942
80     -0.500000000000   -0.032815134445
81     -0.500000000000    0.152934696889
82     -0.500000000000    0.134865408987
83     -0.500000000000    0.439710087794
84     -0.500000000000   -0.676198124887
85     -0.500000000000   -0.049331249029
86     -0.500000000000   -0.082805773372
87     -0.500000000000    0.561595639380
88     -0.500000000000    0.614060812922
89     -0.500000000000   -0.065979230373
90     -0.500000000000   -0.516104752169
91     -0.500000000000    0.475865324488
92     -2.312650197983    1.787388489447
93     -2.312650197983   -1.787388489447
94     -5.638435610666   -0.000000000000
95     -9.037251855825   -0.000000000000
96    -12.197918316050   -0.000000000000
97    -15.288102682348   -0.000000000000
98    -17.618798202018  -40.200302297945
99    -17.618798202018   40.200302297945
100   -18.346447145509   -0.000000000000
101   -20.972979219618  -31.764486757139
102   -20.972979219618   31.764486757139
103   -21.418308522213   -0.000000000000
104   -22.640577935348   -0.000000000000
105   -22.806507256509  -25.721854512826
106   -22.806507256509   25.721854512826
107   -23.167379603122   -2.286629570059
108   -23.167379603122    2.286629570059
109   -23.752625654449   -4.610853460446
110   -23.752625654449    4.610853460446
111   -23.848644577057  -20.862540294715
112   -23.848644577057   20.862540294715
113   -24.205048193600   -7.171962731055
114   -24.205048193600    7.171962731054
115   -24.387410842494  -16.751845407102
116   -24.387410842494   16.751845407102
117   -24.491774079290  -10.008580092006
118   -24.491774079290   10.008580092006
119   -24.572040624358  -13.175313640695
120   -24.572040624358   13.175313640695



Source Data for Figure 30
blue:
Index	Real(z_j)	Imag(z_j)
1	-1.500357680909	0.736365107758
2	-1.500357680534	-0.736365107891
3	-1.500337732131	-0.664775191637
4	-1.500337732081	0.664775191652
5	-1.500279962291	0.605579994613
6	-1.500279962290	-0.605579994613
7	-1.500274518822	-0.827038619512
8	-1.500274517751	0.827038619997
9	-1.500216271514	-0.555051754462
10	-1.500216271514	0.555051754462
11	-1.500159287280	-0.510904726901
12	-1.500159287280	0.510904726901
13	-1.500112665091	0.471636800682
14	-1.500112665091	-0.471636800682
15	-1.500076339516	-0.436207813952
16	-1.500076339516	0.436207813952
17	-1.500048930632	-0.403867456945
18	-1.500048930632	0.403867456945
19	-1.500028771988	0.374056440421
20	-1.500028771988	-0.374056440421
21	-1.500016945793	0.950582766969
22	-1.500016944698	-0.950582767657
23	-1.500014310481	0.346346429831
24	-1.500014310481	-0.346346429831
25	-1.500004232301	-0.320401813961
26	-1.500004232301	0.320401813961
27	-1.499999877693	0.016324341146
28	-1.499999877693	-0.016324341146
29	-1.499999520916	0.032691202749
30	-1.499999520916	-0.032691202749
31	-1.499998936461	0.049143785591
32	-1.499998936461	-0.049143785591
33	-1.499998139081	0.065726333285
34	-1.499998139081	-0.065726333285
35	-1.499997476363	-0.295954420679
36	-1.499997476363	0.295954420679
37	-1.499997151399	0.082484818497
38	-1.499997151399	-0.082484818497
39	-1.499996005160	0.099467599459
40	-1.499996005160	-0.099467599459
41	-1.499994743776	0.116726159643
42	-1.499994743776	-0.116726159643
43	-1.499993425018	0.134315958643
44	-1.499993425018	-0.134315958643
45	-1.499993206420	-0.272786246060
46	-1.499993206420	0.272786246060
47	-1.499992125587	0.152297427301
48	-1.499992125587	-0.152297427301
49	-1.499990946528	0.170737157057
50	-1.499990946528	-0.170737157057
51	-1.499990772194	0.250717326255
52	-1.499990772194	-0.250717326255
53	-1.499990020195	0.189709343248
54	-1.499990020195	-0.189709343248
55	-1.499989671864	0.229597013321
56	-1.499989671864	-0.229597013321
57	-1.499989519779	0.209297564870
58	-1.499989519779	-0.209297564870
59	-0.500000002015	-1.537443139028
60	-0.500000001326	4.523281962884
61	-0.500000000795	1.142246890277
62	-0.499999999205	-1.142246890277
63	-0.499999998674	-4.523281962884
64	-0.499999997985	1.537443139028
65	0.499989519779	0.209297564870
66	0.499989519779	-0.209297564870
67	0.499989671864	0.229597013321
68	0.499989671864	-0.229597013321
69	0.499990020195	0.189709343248
70	0.499990020195	-0.189709343248
71	0.499990772194	0.250717326255
72	0.499990772194	-0.250717326255
73	0.499990946528	0.170737157057
74	0.499990946528	-0.170737157057
75	0.499992125587	0.152297427301
76	0.499992125587	-0.152297427301
77	0.499993206420	-0.272786246060
78	0.499993206420	0.272786246060
79	0.499993425018	0.134315958643
80	0.499993425018	-0.134315958643
81	0.499994743776	0.116726159643
82	0.499994743776	-0.116726159643
83	0.499996005160	0.099467599459
84	0.499996005160	-0.099467599459
85	0.499997151399	0.082484818497
86	0.499997151399	-0.082484818497
87	0.499997476363	-0.295954420679
88	0.499997476363	0.295954420679
89	0.499998139081	0.065726333285
90	0.499998139081	-0.065726333285
91	0.499998936461	0.049143785591
92	0.499998936461	-0.049143785591
93	0.499999520916	0.032691202749
94	0.499999520916	-0.032691202749
95	0.499999877693	0.016324341146
96	0.499999877693	-0.016324341146
97	0.500004232301	-0.320401813961
98	0.500004232301	0.320401813961
99	0.500014310481	0.346346429831
100	0.500014310481	-0.346346429831
101	0.500016944698	0.950582767657
102	0.500016945793	-0.950582766969
103	0.500028771988	0.374056440421
104	0.500028771988	-0.374056440421
105	0.500048930632	-0.403867456945
106	0.500048930632	0.403867456945
107	0.500076339516	-0.436207813952
108	0.500076339516	0.436207813952
109	0.500112665091	0.471636800682
110	0.500112665091	-0.471636800682
111	0.500159287280	-0.510904726901
112	0.500159287280	0.510904726901
113	0.500216271514	-0.555051754462
114	0.500216271514	0.555051754462
115	0.500274517751	-0.827038619997
116	0.500274518822	0.827038619512
117	0.500279962290	0.605579994613
118	0.500279962291	-0.605579994613
119	0.500337732081	-0.664775191652
120	0.500337732131	0.664775191637
121	0.500357680534	0.736365107891
122	0.500357680909	-0.736365107758

red:
Index    Real(lambda_j)    Imag(lambda_j)
1      -0.500000000000   -0.099468742585
2      -0.500000000000    0.016324830229
3      -0.500000000000    0.471561860031
4      -0.500000000000    0.032692183693
5      -0.500000000000   -0.209286059780
6      -0.500000000000   -0.189701616821
7      -0.500000000000    0.082486310387
8      -0.500000000000   -0.116726582873
9      -0.500000000000   -0.170732425486
10     -0.500000000000   -0.229580862691
11     -0.500000000000    0.049145133838
12     -0.500000000000   -0.250695593886
13     -0.500000000000   -0.152294994660
14     -0.500000000000   -0.272757955730
15     -0.500000000000   -0.134315216327
16     -0.500000000000    0.065727871922
17     -0.500000000000   -0.403797391288
18     -0.500000000000   -0.436132489037
19     -0.500000000000    0.373994356177
20     -0.500000000000   -0.510840590007
21     -0.500000000000   -0.827518543708
22     -0.500000000000   -0.951136853187
23     -0.500000000000   -0.555016399056
24     -0.500000000000   -3.591916866384
25     -0.500000000000   -0.295918611064
26     -0.500000000000    0.664900128045
27     -0.500000000000    0.736648821987
28     -0.500000000000   -0.346293309251
29     -0.500000000000    0.320357635421
30     -0.500000000000    0.605602705710
31      1.232855859464    3.315536528426
32      1.232855859464   -3.315536528426
33      3.078645091221    2.338953806053
34      3.078645091221   -2.338953806053
35      6.740293350955    0.000000000000
36     10.395340006551    0.000000000000
37     13.687000964162    0.000000000000
38     16.620157196316   40.048623953417
39     16.620157196316  -40.048623953417
40     16.861222958939    0.000000000000
41     19.975232926400   31.612956679410
42     19.975232926400  -31.612956679410
43     19.986622777999    0.000000000000
44     21.707449454937    0.000000000000
45     21.809503335302   25.570740377424
46     21.809503335302  -25.570740377424
47     22.170906403186    2.143336767991
48     22.170906403186   -2.143336767990
49     22.756912444306    4.463801164586
50     22.756912444306   -4.463801164586
51     22.852216638058   20.712007287480
52     22.852216638058  -20.712007287480
53     23.209431536929    7.024232157630
54     23.209431536929   -7.024232157630
55     23.391391958647   16.601985823744
56     23.391391958647  -16.601985823744
57     23.496138345595    9.860149671762
58     23.496138345595   -9.860149671762
59     23.576278422703   13.026166630802
60     23.576278422703  -13.026166630802
61     -0.500000000000    0.099468742585
62     -0.500000000000   -0.016324830229
63     -0.500000000000   -0.471561860031
64     -0.500000000000   -0.032692183693
65     -0.500000000000    0.209286059780
66     -0.500000000000    0.189701616821
67     -0.500000000000   -0.082486310387
68     -0.500000000000    0.116726582873
69     -0.500000000000    0.170732425486
70     -0.500000000000    0.229580862691
71     -0.500000000000   -0.049145133838
72     -0.500000000000    0.250695593886
73     -0.500000000000    0.152294994660
74     -0.500000000000    0.272757955730
75     -0.500000000000    0.134315216327
76     -0.500000000000   -0.065727871922
77     -0.500000000000    0.403797391288
78     -0.500000000000    0.436132489037
79     -0.500000000000   -0.373994356177
80     -0.500000000000    0.510840590007
81     -0.500000000000    0.827518543708
82     -0.500000000000    0.951136853187
83     -0.500000000000    0.555016399056
84     -0.500000000000    3.591916866384
85     -0.500000000000    0.295918611064
86     -0.500000000000   -0.664900128045
87     -0.500000000000   -0.736648821987
88     -0.500000000000    0.346293309251
89     -0.500000000000   -0.320357635421
90     -0.500000000000   -0.605602705710
91     -2.232855859464   -3.315536528426
92     -2.232855859464    3.315536528426
93     -4.078645091221   -2.338953806053
94     -4.078645091221    2.338953806053
95     -7.740293350955   -0.000000000000
96    -11.395340006551   -0.000000000000
97    -14.687000964162   -0.000000000000
98    -17.620157196316  -40.048623953417
99    -17.620157196316   40.048623953417
100   -17.861222958939   -0.000000000000
101   -20.975232926400  -31.612956679410
102   -20.975232926400   31.612956679410
103   -20.986622777999   -0.000000000000
104   -22.707449454937   -0.000000000000
105   -22.809503335302  -25.570740377424
106   -22.809503335302   25.570740377424
107   -23.170906403186   -2.143336767991
108   -23.170906403186    2.143336767990
109   -23.756912444306   -4.463801164586
110   -23.756912444306    4.463801164586
111   -23.852216638058  -20.712007287480
112   -23.852216638058   20.712007287480
113   -24.209431536929   -7.024232157630
114   -24.209431536929    7.024232157630
115   -24.391391958647  -16.601985823744
116   -24.391391958647   16.601985823744
117   -24.496138345595   -9.860149671762
118   -24.496138345595    9.860149671762
119   -24.576278422703  -13.026166630802
120   -24.576278422703   13.026166630802



Source Data for Figure 31
blue:
Index	Real(z_j)	Imag(z_j)
1	-2.006560787252	-0.800558482743
2	-2.006560787252	0.800558482743
3	-1.500571561544	0.870772651761
4	-1.500571561544	-0.870772651761
5	-1.500483178790	0.763942483762
6	-1.500483178790	-0.763942483762
7	-1.500300957557	0.683682085959
8	-1.500300957557	-0.683682085959
9	-1.500152518669	-0.619296371889
10	-1.500152518669	0.619296371889
11	-1.500050677407	0.565418747851
12	-1.500050677407	-0.565418747851
13	-1.499999684047	-0.016402083120
14	-1.499999684047	0.016402083120
15	-1.499998746355	0.032847629164
16	-1.499998746355	-0.032847629164
17	-1.499997181296	-0.049380842534
18	-1.499997181296	0.049380842534
19	-1.499994985518	-0.066047007983
20	-1.499994985518	0.066047007983
21	-1.499992154707	0.082893236706
22	-1.499992154707	-0.082893236706
23	-1.499988685140	-0.099969158569
24	-1.499988685140	0.099969158569
25	-1.499985731332	0.518987294797
26	-1.499985731332	-0.518987294797
27	-1.499984574902	-0.117327709724
28	-1.499984574902	0.117327709724
29	-1.499979826364	-0.135026041877
30	-1.499979826364	0.135026041877
31	-1.499974448891	-0.153126594855
32	-1.499974448891	0.153126594855
33	-1.499968463078	0.171698384177
34	-1.499968463078	-0.171698384177
35	-1.499961906881	0.190818575706
36	-1.499961906881	-0.190818575706
37	-1.499954844332	-0.210574443186
38	-1.499954844332	0.210574443186
39	-1.499947377989	-0.231065841755
40	-1.499947377989	0.231065841755
41	-1.499946631926	0.478092900894
42	-1.499946631926	-0.478092900894
43	-1.499939667180	0.252408383601
44	-1.499939667180	-0.252408383601
45	-1.499931954359	0.274737584072
46	-1.499931954359	-0.274737584072
47	-1.499924881844	0.441465233990
48	-1.499924881844	-0.441465233990
49	-1.499924603999	-0.298214371437
50	-1.499924603999	0.298214371437
51	-1.499918160339	0.323032549958
52	-1.499918160339	-0.323032549958
53	-1.499914551599	0.408215941188
54	-1.499914551599	-0.408215941188
55	-1.499913433904	-0.349429125401
56	-1.499913433904	0.349429125401
57	-1.499911631301	-0.377698934284
58	-1.499911631301	0.377698934284
59	-0.500000000000	3.166561182371
60	-0.500000000000	1.338207495657
61	-0.500000000000	1.030352841383
62	-0.500000000000	-1.030352841383
63	-0.500000000000	-1.338207495657
64	-0.500000000000	-3.166561182371
65	0.499911631301	-0.377698934284
66	0.499911631301	0.377698934284
67	0.499913433904	-0.349429125401
68	0.499913433904	0.349429125401
69	0.499914551599	0.408215941188
70	0.499914551599	-0.408215941188
71	0.499918160339	0.323032549958
72	0.499918160339	-0.323032549958
73	0.499924603999	-0.298214371437
74	0.499924603999	0.298214371437
75	0.499924881844	0.441465233990
76	0.499924881844	-0.441465233990
77	0.499931954359	0.274737584072
78	0.499931954359	-0.274737584072
79	0.499939667180	0.252408383601
80	0.499939667180	-0.252408383601
81	0.499946631926	0.478092900894
82	0.499946631926	-0.478092900894
83	0.499947377989	-0.231065841755
84	0.499947377989	0.231065841755
85	0.499954844332	-0.210574443186
86	0.499954844332	0.210574443186
87	0.499961906881	0.190818575706
88	0.499961906881	-0.190818575706
89	0.499968463078	0.171698384177
90	0.499968463078	-0.171698384177
91	0.499974448891	-0.153126594855
92	0.499974448891	0.153126594855
93	0.499979826364	-0.135026041877
94	0.499979826364	0.135026041877
95	0.499984574902	-0.117327709724
96	0.499984574902	0.117327709724
97	0.499985731332	0.518987294797
98	0.499985731332	-0.518987294797
99	0.499988685140	-0.099969158569
100	0.499988685140	0.099969158569
101	0.499992154707	0.082893236706
102	0.499992154707	-0.082893236706
103	0.499994985518	-0.066047007983
104	0.499994985518	0.066047007983
105	0.499997181296	-0.049380842534
106	0.499997181296	0.049380842534
107	0.499998746355	0.032847629164
108	0.499998746355	-0.032847629164
109	0.499999684047	-0.016402083120
110	0.499999684047	0.016402083120
111	0.500050677407	0.565418747851
112	0.500050677407	-0.565418747851
113	0.500152518669	-0.619296371889
114	0.500152518669	0.619296371889
115	0.500300957557	0.683682085959
116	0.500300957557	-0.683682085959
117	0.500483178790	0.763942483762
118	0.500483178790	-0.763942483762
119	0.500571561544	0.870772651761
120	0.500571561544	-0.870772651761
121	1.006560787252	-0.800558482743
122	1.006560787252	0.800558482743

red:
Index    Real(lambda_j)    Imag(lambda_j)
1      -0.500000000000   -0.210556243387
2      -0.500000000000   -0.016403665998
3      -0.500000000000    0.377495017241
4      -0.500000000000   -0.231036618874
5      -0.500000000000   -0.298128469758
6      -0.500000000000   -0.274675438946
7      -0.500000000000   -0.322916343159
8      -0.500000000000   -0.252364784399
9      -0.500000000000   -0.349274332508
10     -0.500000000000    0.190808691203
11     -0.500000000000    0.441118749578
12     -0.500000000000   -0.762568109038
13     -0.500000000000   -0.682500076027
14     -0.500000000000   -0.477644166743
15     -0.500000000000    0.171694621672
16     -0.500000000000    0.117332915575
17     -0.500000000000   -0.407949410739
18     -0.500000000000   -0.099975150555
19     -0.500000000000   -0.032850765729
20     -0.500000000000    0.153127174551
21     -0.500000000000    0.135029519445
22     -0.500000000000   -0.564673734081
23     -0.500000000000   -0.618346873829
24     -0.500000000000   -0.049385309433
25     -0.500000000000   -0.082899263067
26     -0.500000000000   -0.066052479187
27     -0.500000000000   -0.518407912761
28     -0.500000000000   -0.869518167641
29     -0.500000000000   -2.466495552129
30      1.103620237362    1.966929059999
31      1.103620237363   -1.966929059998
32      4.533010378220    0.000000000000
33      7.972760381760    0.000000000001
34     11.150739481074    0.000000000001
35     14.250754167282    0.000000000001
36     16.618931340039  -40.190029882371
37     16.618931340038   40.190029882371
38     17.315488884628    0.000000000002
39     19.973200343791  -31.754230679410
40     19.973200343790   31.754230679410
41     20.389097801217    0.000000000002
42     21.647792247998    0.000000000001
43     21.806801187454  -25.711642350805
44     21.806801187452   25.711642350805
45     22.167752087190   -2.277095108646
46     22.167752087188    2.277095108648
47     22.752999191490   -4.601076947982
48     22.752999191488    4.601076947983
49     22.848994051650  -20.852389879792
50     22.848994051649   20.852389879792
51     23.205446556856   -7.162115073019
52     23.205446556855    7.162115073020
53     23.387797609993  -16.741767375433
54     23.387797609992   16.741767375434
55     23.492183603341   -9.998657216204
56     23.492183603339    9.998657216205
57     23.572446920848  -13.165312909000
58     23.572446920846   13.165312909000
59     -0.000000000000   -0.879094893878
60      0.000000000000    0.879094893878
61     -0.500000000000    0.210556243387
62     -0.500000000000    0.016403665998
63     -0.500000000000   -0.377495017241
64     -0.500000000000    0.231036618874
65     -0.500000000000    0.298128469758
66     -0.500000000000    0.274675438946
67     -0.500000000000    0.322916343159
68     -0.500000000000    0.252364784399
69     -0.500000000000    0.349274332508
70     -0.500000000000   -0.190808691203
71     -0.500000000000   -0.441118749578
72     -0.500000000000    0.762568109038
73     -0.500000000000    0.682500076027
74     -0.500000000000    0.477644166743
75     -0.500000000000   -0.171694621672
76     -0.500000000000   -0.117332915575
77     -0.500000000000    0.407949410739
78     -0.500000000000    0.099975150555
79     -0.500000000000    0.032850765729
80     -0.500000000000   -0.153127174551
81     -0.500000000000   -0.135029519445
82     -0.500000000000    0.564673734081
83     -0.500000000000    0.618346873829
84     -0.500000000000    0.049385309433
85     -0.500000000000    0.082899263067
86     -0.500000000000    0.066052479187
87     -0.500000000000    0.518407912761
88     -0.500000000000    0.869518167641
89     -0.500000000000    2.466495552129
90     -2.103620237362   -1.966929059999
91     -2.103620237363    1.966929059998
92     -5.533010378220   -0.000000000000
93     -8.972760381760   -0.000000000001
94    -12.150739481074   -0.000000000001
95    -15.250754167282   -0.000000000001
96    -17.618931340039   40.190029882371
97    -17.618931340038  -40.190029882371
98    -18.315488884628   -0.000000000002
99    -20.973200343791   31.754230679410
100   -20.973200343790  -31.754230679410
101   -21.389097801217   -0.000000000002
102   -22.647792247998   -0.000000000001
103   -22.806801187454   25.711642350805
104   -22.806801187452  -25.711642350805
105   -23.167752087190    2.277095108646
106   -23.167752087188   -2.277095108648
107   -23.752999191490    4.601076947982
108   -23.752999191488   -4.601076947983
109   -23.848994051650   20.852389879792
110   -23.848994051649  -20.852389879792
111   -24.205446556856    7.162115073019
112   -24.205446556855   -7.162115073020
113   -24.387797609993   16.741767375433
114   -24.387797609992  -16.741767375434
115   -24.492183603341    9.998657216204
116   -24.492183603339   -9.998657216205
117   -24.572446920848   13.165312909000
118   -24.572446920846  -13.165312909000
119    -1.000000000000    0.879094893878
120    -1.000000000000   -0.879094893878



Source Data for Figure E.1
Index    Real(lambda_j)    Imag(lambda_j)
1      -0.500000000000    1.131484626138
2      -0.500000000000    0.373049298282
3      -0.500000000000    0.419437216276
4      -0.500000000000    0.331661824287
5      -0.500000000000    0.472566694074
6      -0.500000000000    0.294097501846
7      -0.500000000000    0.259520513593
8      -0.500000000000    0.535180398482
9      -0.500000000000    0.227313747841
10     -0.500000000000    0.611987415865
11     -0.500000000000    0.197006595573
12     -0.500000000000    0.168230527068
13     -0.500000000000    0.712165763633
14     -0.500000000000    0.140691290747
15     -0.500000000000    0.114152737248
16     -0.500000000000    0.857780434659
17     -0.500000000000    0.088432671106
18     -0.500000000000    0.063423681561
19     -0.500000000000    0.039213176311
20     -0.500000000000    0.016812254969
21      0.510744345220    0.000000000000
22      3.484297815671    0.000000000000
23      6.445998501924    0.000000000000
24      9.428436410371    0.000000000000
25     12.418749181117    0.000000000000
26     13.268931742545  -25.921839150502
27     13.268931742545   25.921839150502
28     15.046233084538    0.000000000000
29     15.478957297378  -18.938418537854
30     15.478957297378   18.938418537854
31     15.717157856148   -1.682714643607
32     15.717157856148    1.682714643607
33     16.306169164275   -4.086768303865
34     16.306169164275    4.086768303865
35     16.442675776367  -14.007424497841
36     16.442675776367   14.007424497842
37     16.675765842277   -6.857227815722
38     16.675765842277    6.857227815722
39     16.762374437062  -10.103348603175
40     16.762374437062   10.103348603175
41     -0.500000000000   -1.131484626138
42     -0.500000000000   -0.373049298282
43     -0.500000000000   -0.419437216276
44     -0.500000000000   -0.331661824287
45     -0.500000000000   -0.472566694074
46     -0.500000000000   -0.294097501846
47     -0.500000000000   -0.259520513593
48     -0.500000000000   -0.535180398482
49     -0.500000000000   -0.227313747841
50     -0.500000000000   -0.611987415865
51     -0.500000000000   -0.197006595573
52     -0.500000000000   -0.168230527068
53     -0.500000000000   -0.712165763633
54     -0.500000000000   -0.140691290747
55     -0.500000000000   -0.114152737248
56     -0.500000000000   -0.857780434659
57     -0.500000000000   -0.088432671106
58     -0.500000000000   -0.063423681561
59     -0.500000000000   -0.039213176311
60     -0.500000000000   -0.016812254969
61     -1.510744345220   -0.000000000000
62     -4.484297815671   -0.000000000000
63     -7.445998501924   -0.000000000000
64    -10.428436410371   -0.000000000000
65    -13.418749181117   -0.000000000000
66    -14.268931742545   25.921839150502
67    -14.268931742545  -25.921839150502
68    -16.046233084538   -0.000000000000
69    -16.478957297378   18.938418537854
70    -16.478957297378  -18.938418537854
71    -16.717157856148    1.682714643607
72    -16.717157856148   -1.682714643607
73    -17.306169164275    4.086768303865
74    -17.306169164275   -4.086768303865
75    -17.442675776367   14.007424497841
76    -17.442675776367  -14.007424497842
77    -17.675765842277    6.857227815722
78    -17.675765842277   -6.857227815722
79    -17.762374437062   10.103348603175
80    -17.762374437062  -10.103348603175



Source Data for Figure E.2
Index    Real(lambda_j)    Imag(lambda_j)
1      -0.500000000000    1.129697983808
2      -0.500000000000    0.856296390863
3      -0.500000000000    0.710756862722
4      -0.500000000000    0.610593704452
5      -0.500000000000    0.533772122019
6      -0.500000000000    0.471123126830
7      -0.500000000000    0.417940299275
8      -0.500000000000    0.371480764516
9      -0.500000000000    0.330001281497
10     -0.500000000000    0.292320591896
11     -0.500000000000    0.257596621640
12     -0.500000000000    0.225202682491
13     -0.500000000000    0.194653303862
14     -0.500000000000    0.165556032395
15     -0.500000000000    0.137575941287
16     -0.500000000000    0.110402393914
17     -0.500000000000    0.083702555918
18     -0.500000000000    0.057021915007
19     -0.500000000000    0.029526090079
20      3.451912991867    0.000000000000
21      6.414549850548   -0.000000000000
22      9.397380674675   -0.000000000000
23     12.387907602990   -0.000000000000
24     13.264723909149  -25.905406468226
25     13.264723909149   25.905406468226
26     15.027548881694   -0.000000000000
27     15.473319056555   18.923831216774
28     15.473319056555  -18.923831216774
29     15.707455175982    1.673437589531
30     15.707455175982   -1.673437589531
31     16.297093855946    4.077016548618
32     16.297093855946   -4.077016548618
33     16.435953304351  -13.994261326149
34     16.435953304351   13.994261326149
35     16.667370257836   -6.846421938323
36     16.667370257836    6.846421938323
37     16.754753775719  -10.091418650381
38     16.754753775719   10.091418650381
39     -0.457684059953    0.000000000000
40      0.457684059953    0.000000000000
41     -0.500000000000   -1.129697983808
42     -0.500000000000   -0.856296390863
43     -0.500000000000   -0.710756862722
44     -0.500000000000   -0.610593704452
45     -0.500000000000   -0.533772122019
46     -0.500000000000   -0.471123126830
47     -0.500000000000   -0.417940299275
48     -0.500000000000   -0.371480764516
49     -0.500000000000   -0.330001281497
50     -0.500000000000   -0.292320591896
51     -0.500000000000   -0.257596621640
52     -0.500000000000   -0.225202682491
53     -0.500000000000   -0.194653303862
54     -0.500000000000   -0.165556032395
55     -0.500000000000   -0.137575941287
56     -0.500000000000   -0.110402393914
57     -0.500000000000   -0.083702555918
58     -0.500000000000   -0.057021915007
59     -0.500000000000   -0.029526090079
60     -4.451912991867   -0.000000000000
61     -7.414549850548    0.000000000000
62    -10.397380674675    0.000000000000
63    -13.387907602990    0.000000000000
64    -14.264723909149   25.905406468226
65    -14.264723909149  -25.905406468226
66    -16.027548881694    0.000000000000
67    -16.473319056555  -18.923831216774
68    -16.473319056555   18.923831216774
69    -16.707455175982   -1.673437589531
70    -16.707455175982    1.673437589531
71    -17.297093855946   -4.077016548618
72    -17.297093855946    4.077016548618
73    -17.435953304351   13.994261326149
74    -17.435953304351  -13.994261326149
75    -17.667370257836    6.846421938323
76    -17.667370257836   -6.846421938323
77    -17.754753775719   10.091418650381
78    -17.754753775719  -10.091418650381
79     -0.542315940047    0.000000000000
80     -1.457684059953    0.000000000000



Source Data for Figure E.3
Index    Real(lambda_j)    Imag(lambda_j)
1      -0.500000000000    0.025399752802
2      -0.500000000000    0.050960349808
3      -0.500000000000    0.076847857378
4      -0.500000000000    0.103239200758
5      -0.500000000000    0.130328693628
6      -0.500000000000    0.158336081945
7      -0.500000000000    0.187516984328
8      -0.500000000000    0.218177065131
9      -0.500000000000    0.250692071084
10     -0.500000000000    0.285537293720
11     -0.500000000000    0.323332708605
12     -0.500000000000    0.364915371523
13     -0.500000000000    0.411461937673
14     -0.500000000000    0.464710124210
15     -0.500000000000    0.527394220756
16     -0.500000000000    0.604204195714
17     -0.500000000000    0.704270581459
18     -0.500000000000    0.849509660126
19     -0.500000000000    1.121750570454
20      3.321233507592   -0.000000000000
21      6.288246741965   -0.000000000000
22      9.272835037440   -0.000000000000
23     12.264313362576   -0.000000000000
24     13.247880322048  -25.839625351070
25     13.247880322048   25.839625351070
26     14.950563780670   -0.000000000000
27     15.450749345677  -18.865437223858
28     15.450749345677   18.865437223858
29     15.668868425179   -1.636200539535
30     15.668868425179    1.636200539535
31     16.260764768221   -4.037981907416
32     16.260764768221    4.037981907416
33     16.409043016845  -13.941568529607
34     16.409043016845   13.941568529607
35     16.633761380911   -6.803165954386
36     16.633761380911    6.803165954386
37     16.724247493882  -10.043662756448
38     16.724247493882   10.043662756448
39     -0.131355898928    0.000000000000
40      0.131355898928    0.000000000000
41     -0.500000000000   -0.025399752802
42     -0.500000000000   -0.050960349808
43     -0.500000000000   -0.076847857378
44     -0.500000000000   -0.103239200758
45     -0.500000000000   -0.130328693628
46     -0.500000000000   -0.158336081945
47     -0.500000000000   -0.187516984328
48     -0.500000000000   -0.218177065131
49     -0.500000000000   -0.250692071084
50     -0.500000000000   -0.285537293720
51     -0.500000000000   -0.323332708605
52     -0.500000000000   -0.364915371523
53     -0.500000000000   -0.411461937673
54     -0.500000000000   -0.464710124210
55     -0.500000000000   -0.527394220756
56     -0.500000000000   -0.604204195714
57     -0.500000000000   -0.704270581459
58     -0.500000000000   -0.849509660126
59     -0.500000000000   -1.121750570454
60     -4.321233507592    0.000000000000
61     -7.288246741965    0.000000000000
62    -10.272835037440    0.000000000000
63    -13.264313362576    0.000000000000
64    -14.247880322048   25.839625351070
65    -14.247880322048  -25.839625351070
66    -15.950563780670    0.000000000000
67    -16.450749345677   18.865437223858
68    -16.450749345677  -18.865437223858
69    -16.668868425179    1.636200539535
70    -16.668868425179   -1.636200539535
71    -17.260764768221    4.037981907416
72    -17.260764768221   -4.037981907416
73    -17.409043016845   13.941568529607
74    -17.409043016845  -13.941568529607
75    -17.633761380911    6.803165954386
76    -17.633761380911   -6.803165954386
77    -17.724247493882   10.043662756448
78    -17.724247493882  -10.043662756448
79     -0.868644101072    0.000000000000
80     -1.131355898928    0.000000000000



Source Data for Figure E.4
Index    Real(lambda_j)    Imag(lambda_j)
1      -0.500000000000    1.117403242725
2      -0.500000000000    0.700719042304
3      -0.500000000000    0.600821481066
4      -0.500000000000    0.524178084256
5      -0.500000000000    0.461670084831
6      -0.500000000000    0.408609468645
7      -0.500000000000    0.362260797413
8      -0.500000000000    0.320884333187
9      -0.500000000000    0.283301376529
10     -0.500000000000    0.248673119995
11     -0.500000000000    0.216378213728
12     -0.500000000000    0.185940351491
13     -0.500000000000    0.156983072378
14     -0.500000000000    0.129200228594
15     -0.500000000000    0.102335883202
16     -0.500000000000    0.076170082225
17     -0.500000000000    0.050508372326
18     -0.500000000000    0.025173727428
19     -0.500000000000    0.845738047962
20      3.255298826338    0.000000000000
21      6.224858063045    0.000000000000
22      9.210418830669    0.000000000000
23     12.202418307503    0.000000000000
24     13.239450892005  -25.806718818833
25     13.239450892005   25.806718818833
26     14.910704411224    0.000000000000
27     15.439453975079  -18.836227604785
28     15.439453975079   18.836227604785
29     15.649723092167    1.617534022781
30     15.649723092167   -1.617534022781
31     16.242582698833    4.018461762567
32     16.242582698833   -4.018461762567
33     16.395575030959   13.915212151295
34     16.395575030959  -13.915212151295
35     16.616940287687    6.781532257591
36     16.616940287687   -6.781532257591
37     16.708979481819   10.019777098077
38     16.708979481819  -10.019777098077
39     -0.000000000000   -0.264848494450
40      0.000000000000    0.264848494450
41     -0.500000000000   -1.117403242725
42     -0.500000000000   -0.700719042304
43     -0.500000000000   -0.600821481066
44     -0.500000000000   -0.524178084256
45     -0.500000000000   -0.461670084831
46     -0.500000000000   -0.408609468645
47     -0.500000000000   -0.362260797413
48     -0.500000000000   -0.320884333187
49     -0.500000000000   -0.283301376529
50     -0.500000000000   -0.248673119995
51     -0.500000000000   -0.216378213728
52     -0.500000000000   -0.185940351491
53     -0.500000000000   -0.156983072378
54     -0.500000000000   -0.129200228594
55     -0.500000000000   -0.102335883202
56     -0.500000000000   -0.076170082225
57     -0.500000000000   -0.050508372326
58     -0.500000000000   -0.025173727428
59     -0.500000000000   -0.845738047962
60     -4.255298826338   -0.000000000000
61     -7.224858063045   -0.000000000000
62    -10.210418830669   -0.000000000000
63    -13.202418307503   -0.000000000000
64    -14.239450892005   25.806718818833
65    -14.239450892005  -25.806718818833
66    -15.910704411224   -0.000000000000
67    -16.439453975079   18.836227604785
68    -16.439453975079  -18.836227604785
69    -16.649723092167   -1.617534022781
70    -16.649723092167    1.617534022781
71    -17.242582698833   -4.018461762567
72    -17.242582698833    4.018461762567
73    -17.395575030959  -13.915212151295
74    -17.395575030959   13.915212151295
75    -17.616940287687   -6.781532257591
76    -17.616940287687    6.781532257591
77    -17.708979481819  -10.019777098077
78    -17.708979481819   10.019777098077
79     -1.000000000000    0.264848494450
80     -1.000000000000   -0.264848494450



Source Data for Figure E.5
Index    Real(lambda_j)    Imag(lambda_j)
1      -0.500000000000    0.024835118564
2      -0.500000000000    0.049823091478
3      -0.500000000000    0.075121576693
4      -0.500000000000    0.100898217801
5      -0.500000000000    0.127336640278
6      -0.500000000000    0.154643826716
7      -0.500000000000    0.183059671199
8      -0.500000000000    0.212869923391
9      -0.500000000000    0.244424453303
10     -0.500000000000    0.278164069481
11     -0.500000000000    0.314661579906
12     -0.500000000000    0.354687685266
13     -0.500000000000    0.399322765327
14     -0.500000000000    0.450159994212
15     -0.500000000000    0.509708476914
16     -0.500000000000    0.582294406867
17     -0.500000000000    0.676447518166
18     -0.500000000000    0.813123655079
19     -0.500000000000    1.072241674540
20      2.413753160795    0.000000000000
21      5.448327086920    0.000000000000
22      8.452371299549    0.000000000000
23     11.453524015757    0.000000000000
24     13.137885353916   25.410877244410
25     13.137885353916  -25.410877244410
26     14.356855550138    0.000000000000
27     15.303338395467   18.484926014736
28     15.303338395467  -18.484926014736
29     15.429313630129   -1.395996826109
30     15.429313630129    1.395996826109
31     16.023402238865   -3.783956027087
32     16.023402238865    3.783956027087
33     16.233258425298   13.598287333314
34     16.233258425298  -13.598287333314
35     16.414172150163    6.521496862653
36     16.414172150163   -6.521496862653
37     16.524948775436    9.732617341463
38     16.524948775436   -9.732617341463
39      0.000000000000    0.814861474659
40     -0.000000000000   -0.814861474659
41     -0.500000000000   -0.024835118564
42     -0.500000000000   -0.049823091478
43     -0.500000000000   -0.075121576693
44     -0.500000000000   -0.100898217801
45     -0.500000000000   -0.127336640278
46     -0.500000000000   -0.154643826716
47     -0.500000000000   -0.183059671199
48     -0.500000000000   -0.212869923391
49     -0.500000000000   -0.244424453303
50     -0.500000000000   -0.278164069481
51     -0.500000000000   -0.314661579906
52     -0.500000000000   -0.354687685266
53     -0.500000000000   -0.399322765327
54     -0.500000000000   -0.450159994212
55     -0.500000000000   -0.509708476914
56     -0.500000000000   -0.582294406867
57     -0.500000000000   -0.676447518166
58     -0.500000000000   -0.813123655079
59     -0.500000000000   -1.072241674540
60     -3.413753160795   -0.000000000000
61     -6.448327086920   -0.000000000000
62     -9.452371299549   -0.000000000000
63    -12.453524015757   -0.000000000000
64    -14.137885353916  -25.410877244410
65    -14.137885353916   25.410877244410
66    -15.356855550138   -0.000000000000
67    -16.303338395467  -18.484926014736
68    -16.303338395467   18.484926014736
69    -16.429313630129    1.395996826109
70    -16.429313630129   -1.395996826109
71    -17.023402238865    3.783956027087
72    -17.023402238865   -3.783956027087
73    -17.233258425298  -13.598287333314
74    -17.233258425298   13.598287333314
75    -17.414172150163   -6.521496862653
76    -17.414172150163    6.521496862653
77    -17.524948775436   -9.732617341463
78    -17.524948775436    9.732617341463
79     -1.000000000000   -0.814861474659
80     -1.000000000000    0.814861474659



Source Data for Figure E.6
Index    Real(lambda_j)    Imag(lambda_j)
1      -0.500000000000    0.599267206000
2      -0.500000000000    0.698519716504
3      -0.500000000000    0.522984891912
4      -0.500000000000    0.842062539806
5      -0.500000000000    0.460711444480
6      -0.500000000000    0.407818983325
7      -0.500000000000    0.361599234022
8      -0.500000000000    0.320326279058
9      -0.500000000000    0.282829167084
10     -0.500000000000    0.248273823737
11     -0.500000000000    0.216042022061
12     -0.500000000000    0.185659659847
13     -0.500000000000    0.156751922582
14     -0.500000000000    1.107822068395
15     -0.500000000000    0.129013951458
16     -0.500000000000    0.102190859284
17     -0.500000000000    0.076063577183
18     -0.500000000000    0.050438422874
19     -0.500000000000    0.025139064279
20      1.299368484687   -0.000000000000
21      4.681285068695    0.000000000000
22      7.722381110276    0.000000000000
23     10.738901875084    0.000000000000
24     13.041926485982  -25.038103724122
25     13.041926485981   25.038103724122
26     13.723047512758    0.000000000000
27     15.174692570922  -18.154211454228
28     15.174692570922   18.154211454228
29     15.230582249374   -1.207842856437
30     15.230582249373    1.207842856438
31     15.815950842277   -3.563568613489
32     15.815950842276    3.563568613490
33     16.079803940199  -13.300029975236
34     16.079803940199   13.300029975236
35     16.222386882959   -6.276913386185
36     16.222386882959    6.276913386185
37     16.350920957134   -9.462451052287
38     16.350920957134    9.462451052288
39     -0.000000000000   -0.290978105871
40      0.000000000000    0.290978105871
41     -0.500000000000   -0.599267206000
42     -0.500000000000   -0.698519716504
43     -0.500000000000   -0.522984891912
44     -0.500000000000   -0.842062539806
45     -0.500000000000   -0.460711444480
46     -0.500000000000   -0.407818983325
47     -0.500000000000   -0.361599234022
48     -0.500000000000   -0.320326279058
49     -0.500000000000   -0.282829167084
50     -0.500000000000   -0.248273823737
51     -0.500000000000   -0.216042022061
52     -0.500000000000   -0.185659659847
53     -0.500000000000   -0.156751922582
54     -0.500000000000   -1.107822068395
55     -0.500000000000   -0.129013951458
56     -0.500000000000   -0.102190859284
57     -0.500000000000   -0.076063577183
58     -0.500000000000   -0.050438422874
59     -0.500000000000   -0.025139064279
60     -2.299368484687    0.000000000000
61     -5.681285068695   -0.000000000000
62     -8.722381110276   -0.000000000000
63    -11.738901875084   -0.000000000000
64    -14.041926485982   25.038103724122
65    -14.041926485981  -25.038103724122
66    -14.723047512758   -0.000000000000
67    -16.174692570922   18.154211454228
68    -16.174692570922  -18.154211454228
69    -16.230582249374    1.207842856437
70    -16.230582249373   -1.207842856438
71    -16.815950842277    3.563568613489
72    -16.815950842276   -3.563568613490
73    -17.079803940199   13.300029975236
74    -17.079803940199  -13.300029975236
75    -17.222386882959    6.276913386185
76    -17.222386882959   -6.276913386185
77    -17.350920957134    9.462451052287
78    -17.350920957134   -9.462451052288
79     -1.000000000000    0.290978105871
80     -1.000000000000   -0.290978105871



Source Data for Figure E.7
Index    Real(lambda_j)    Imag(lambda_j)
1      -0.500000000000    0.847515514343
2      -0.500000000000    0.604748764077
3      -0.500000000000    0.366420823004
4      -0.500000000000    0.324897037708
5      -0.500000000000    0.465945264432
6      -0.500000000000    0.528368017418
7      -0.500000000000    0.287123419884
8      -0.500000000000    0.412863176223
9      -0.500000000000    0.219707631517
10     -0.500000000000    0.188970628021
11     -0.500000000000    0.252266607860
12     -0.500000000000    0.159678540785
13     -0.500000000000    0.131524463029
14     -0.500000000000    0.104252482527
15     -0.500000000000    0.077644448871
16     -0.500000000000    0.025680794545
17     -0.500000000000    0.051510368898
18     -0.500000000000    0.704033475453
19     -0.500000000000    1.113030181744
20      1.170927257696    0.000000000000
21      4.637022479134    0.000000000000
22      7.681132832034    0.000000000000
23     10.698776896629    0.000000000000
24     13.036572890913   25.017346263974
25     13.036572890913  -25.017346263974
26     13.685519312446    0.000000000000
27     15.167513699948   18.135799346764
28     15.167513699948  -18.135799346764
29     15.219244969375   -1.198174427359
30     15.219244969375    1.198174427359
31     15.804360594554   -3.551305325723
32     15.804360594554    3.551305325723
33     16.071238999151   13.283427442266
34     16.071238999151  -13.283427442266
35     16.211679437444   -6.263301551560
36     16.211679437444    6.263301551560
37     16.341206134523    9.447414110394
38     16.341206134523   -9.447414110394
39     -0.280164725583    0.000000000000
40      0.280164725583    0.000000000000
41     -0.500000000000   -0.847515514343
42     -0.500000000000   -0.604748764077
43     -0.500000000000   -0.366420823004
44     -0.500000000000   -0.324897037708
45     -0.500000000000   -0.465945264432
46     -0.500000000000   -0.528368017418
47     -0.500000000000   -0.287123419884
48     -0.500000000000   -0.412863176223
49     -0.500000000000   -0.219707631517
50     -0.500000000000   -0.188970628021
51     -0.500000000000   -0.252266607860
52     -0.500000000000   -0.159678540785
53     -0.500000000000   -0.131524463029
54     -0.500000000000   -0.104252482527
55     -0.500000000000   -0.077644448871
56     -0.500000000000   -0.025680794545
57     -0.500000000000   -0.051510368898
58     -0.500000000000   -0.704033475453
59     -0.500000000000   -1.113030181744
60     -2.170927257696   -0.000000000000
61     -5.637022479134   -0.000000000000
62     -8.681132832034   -0.000000000000
63    -11.698776896629   -0.000000000000
64    -14.036572890913  -25.017346263974
65    -14.036572890913   25.017346263974
66    -14.685519312446   -0.000000000000
67    -16.167513699948  -18.135799346764
68    -16.167513699948   18.135799346764
69    -16.219244969375    1.198174427359
70    -16.219244969375   -1.198174427359
71    -16.804360594554    3.551305325723
72    -16.804360594554   -3.551305325723
73    -17.071238999151  -13.283427442266
74    -17.071238999151   13.283427442266
75    -17.211679437444    6.263301551560
76    -17.211679437444   -6.263301551560
77    -17.341206134523   -9.447414110394
78    -17.341206134523    9.447414110394
79     -0.719835274417    0.000000000000
80     -1.280164725583    0.000000000000



Source Data for Figure E.8
Index    Real(lambda_j)    Imag(lambda_j)
1      -0.500000000000    1.116163740013
2      -0.500000000000    0.850847510300
3      -0.500000000000    0.057816388613
4      -0.500000000000    0.030490192781
5      -0.500000000000    0.084267294080
6      -0.500000000000    0.707526521324
7      -0.500000000000    0.110784453821
8      -0.500000000000    0.608398039843
9      -0.500000000000    0.137810087748
10     -0.500000000000    0.165662419740
11     -0.500000000000    0.532177901210
12     -0.500000000000    0.194641849233
13     -0.500000000000    0.469925275270
14     -0.500000000000    0.225075828293
15     -0.500000000000    0.417026577475
16     -0.500000000000    0.257350524200
17     -0.500000000000    0.370783964203
18     -0.500000000000    0.291945122504
19     -0.500000000000    0.329478905468
20      1.071466412022    0.000000000000
21      4.611006591856    0.000000000000
22      7.656732789727    0.000000000000
23     10.674958837311    0.000000000000
24     13.033358333456   25.004973493182
25     13.033358333456  -25.004973493182
26     13.663120546397    0.000000000000
27     15.163202683005   18.124833839135
28     15.212400519346   -1.192479455129
29     15.212400519346    1.192479455129
30     15.163202683005  -18.124833839135
31     15.797400216853    3.544026817986
32     15.797400216853   -3.544026817986
33     16.066095379410   13.273547329513
34     16.205249290553    6.255214701441
35     16.066095379410  -13.273547329513
36     16.335371936981    9.438472809814
37     16.205249290553   -6.255214701441
38     16.335371936981   -9.438472809814
39     -0.466531567891    0.000000000000
40      0.466531567891    0.000000000000
41     -0.500000000000   -1.116163740013
42     -0.500000000000   -0.850847510300
43     -0.500000000000   -0.057816388613
44     -0.500000000000   -0.030490192781
45     -0.500000000000   -0.084267294080
46     -0.500000000000   -0.707526521324
47     -0.500000000000   -0.110784453821
48     -0.500000000000   -0.608398039843
49     -0.500000000000   -0.137810087748
50     -0.500000000000   -0.165662419740
51     -0.500000000000   -0.532177901210
52     -0.500000000000   -0.194641849233
53     -0.500000000000   -0.469925275270
54     -0.500000000000   -0.225075828293
55     -0.500000000000   -0.417026577475
56     -0.500000000000   -0.257350524200
57     -0.500000000000   -0.370783964203
58     -0.500000000000   -0.291945122504
59     -0.500000000000   -0.329478905468
60     -2.071466412022   -0.000000000000
61     -5.611006591856   -0.000000000000
62     -8.656732789727   -0.000000000000
63    -11.674958837311   -0.000000000000
64    -14.033358333456  -25.004973493182
65    -14.033358333456   25.004973493182
66    -14.663120546397   -0.000000000000
67    -16.163202683006  -18.124833839135
68    -16.212400519346    1.192479455129
69    -16.212400519346   -1.192479455129
70    -16.163202683005   18.124833839135
71    -16.797400216853   -3.544026817986
72    -16.797400216853    3.544026817986
73    -17.066095379410  -13.273547329513
74    -17.205249290553   -6.255214701441
75    -17.066095379410   13.273547329513
76    -17.335371936981   -9.438472809814
77    -17.205249290553    6.255214701441
78    -17.335371936981    9.438472809814
79     -0.533468432109    0.000000000000
80     -1.466531567891    0.000000000000



Source Data for Figure E.9
Index    Real(lambda_j)    Imag(lambda_j)
1       0.804991863035    0.164365153584
2       0.804991863035   -0.164365153584
3      -0.500000000000    1.120707281976
4      -0.500000000000    0.378093607679
5      -0.500000000000    0.337243491416
6      -0.500000000000    0.423903333802
7      -0.500000000000    0.300187447030
8      -0.500000000000    0.476390888234
9      -0.500000000000    0.266095525989
10     -0.500000000000    0.538253401970
11     -0.500000000000    0.614102384516
12     -0.500000000000    0.855834572150
13     -0.500000000000    0.712873291297
14     -0.500000000000    0.234353266348
15     -0.500000000000    0.204490797167
16     -0.500000000000    0.176138677095
17     -0.500000000000    0.148999057366
18     -0.500000000000    0.122826025014
19     -0.500000000000    0.097411662160
20     -0.500000000000    0.072575788468
21     -0.500000000000    0.048158140980
22     -0.500000000000    0.024012185331
23      4.574680069568    0.000000000000
24      7.623244778098    0.000000000000
25     10.642519429034    0.000000000000
26     13.029073716249  -24.988277369618
27     13.029073716249   24.988277369618
28     13.632679459329    0.000000000000
29     15.157457393239  -18.110015506324
30     15.157457393239   18.110015506324
31     15.203259862046    1.184764861808
32     15.203259862046   -1.184764861808
33     15.788121888527    3.534132582624
34     15.788121888527   -3.534132582624
35     16.059240725283  -13.260178124643
36     16.059240725283   13.260178124643
37     16.196679207977   -6.244240678055
38     16.196679207977    6.244240678055
39     16.327596723048   -9.426357465443
40     16.327596723047    9.426357465443
41     -1.804991863035   -0.164365153584
42     -1.804991863035    0.164365153584
43     -0.500000000000   -1.120707281976
44     -0.500000000000   -0.378093607679
45     -0.500000000000   -0.337243491416
46     -0.500000000000   -0.423903333802
47     -0.500000000000   -0.300187447030
48     -0.500000000000   -0.476390888234
49     -0.500000000000   -0.266095525989
50     -0.500000000000   -0.538253401970
51     -0.500000000000   -0.614102384516
52     -0.500000000000   -0.855834572150
53     -0.500000000000   -0.712873291297
54     -0.500000000000   -0.234353266348
55     -0.500000000000   -0.204490797167
56     -0.500000000000   -0.176138677095
57     -0.500000000000   -0.148999057366
58     -0.500000000000   -0.122826025014
59     -0.500000000000   -0.097411662160
60     -0.500000000000   -0.072575788468
61     -0.500000000000   -0.048158140980
62     -0.500000000000   -0.024012185331
63     -5.574680069568   -0.000000000000
64     -8.623244778098   -0.000000000000
65    -11.642519429034   -0.000000000000
66    -14.029073716249   24.988277369618
67    -14.029073716249  -24.988277369618
68    -14.632679459329   -0.000000000000
69    -16.157457393239   18.110015506324
70    -16.157457393239  -18.110015506324
71    -16.203259862046   -1.184764861808
72    -16.203259862046    1.184764861808
73    -16.788121888527   -3.534132582624
74    -16.788121888527    3.534132582624
75    -17.059240725283   13.260178124643
76    -17.059240725283  -13.260178124643
77    -17.196679207977    6.244240678055
78    -17.196679207977   -6.244240678055
79    -17.327596723048    9.426357465443
80    -17.327596723047   -9.426357465443